UA;EDAD;SEXO;NIV_EDUCATIVO;VOTO_CANDIDATO;VOTO_ACOTADO;JAMAS_VOTARIA;GESTION_CRISTINA;ECONOMIA_PAIS_2_AÑOS;ECONOMIA_FLIAR_2_AÑOS;CONTINUIDAD_O_CAMBIO;REPRESENTACION_DEL_CAMBIO;AGENDA_DE_TEMAS;PERCEPCION_DE_GANADOR;INFLUENCIA_DE_CRISTINA_EN_SCIOLI;POSICIONAMIENTO_ESPACIAL;POSICIONAMIENTO_RESPECTO_PERONISMO;POSICIONAMIENTO_RESPECTO_KIRCHNERISMO;VOTACION_PASO;NE_CBA
1;30-49;MUJER;SECUNDARIO INCOMPLETO O COMPLETO;SERGIO MASSA;MAURICIO MACRI;DANIEL SCIOLI;DESAPRUEBA;IGUAL;EMPEORÓ;CAMBIAR TODAS;SERGIO MASSA;SEGURIDAD;SERGIO MASSA;BASTANTE;NI DE IZQUIERDA NI DE DERECHA;NI PERONISTA NI ANTI PERONISTA;ANTI KIRCHNERISTA;SERGIO MASSA;2
2;50-65;MUJER;SECUNDARIO INCOMPLETO O COMPLETO;SERGIO MASSA;SERGIO MASSA;DANIEL SCIOLI;DESAPRUEBA;EMPEORÓ;EMPEORÓ;CAMBIAR TODAS;SERGIO MASSA;ECONOMIA;SERGIO MASSA;BASTANTE;TOTALMENTE DE IZQUIERDA;NI PERONISTA NI ANTI PERONISTA;ANTI KIRCHNERISTA;SERGIO MASSA;2
3;30-49;MUJER;UNIVERSITARIO INCOMPLETO O COMPLETO;MAURICIO MACRI;MAURICIO MACRI;DANIEL SCIOLI;DESAPRUEBA;EMPEORÓ;SE MANTUVO IGUAL / NO CAMBIO;MANTENER ALGUNAS Y CAMBIAR OTRAS;MAURICIO MACRI;EDUCACION, ASISTENCIA SOCIAL, SALUD;DANIEL SCIOLI;MUCHA;NI DE IZQUIERDA NI DE DERECHA;NI PERONISTA NI ANTI PERONISTA;ANTI KIRCHNERISTA;MAURICIO MACRI;3
4;18-29;MUJER;UNIVERSITARIO INCOMPLETO O COMPLETO;MAURICIO MACRI;MAURICIO MACRI;DANIEL SCIOLI;DESAPRUEBA;EMPEORÓ;EMPEORÓ;MANTENER ALGUNAS Y CAMBIAR OTRAS;MAURICIO MACRI;ECONOMIA;MAURICIO MACRI;BASTANTE;NI DE IZQUIERDA NI DE DERECHA;NI PERONISTA NI ANTI PERONISTA;ANTI KIRCHNERISTA;MAURICIO MACRI;3
5;50-65;VARON;UNIVERSITARIO INCOMPLETO O COMPLETO;SERGIO MASSA;SERGIO MASSA;DANIEL SCIOLI;NO SABE;EMPEORÓ;SE MANTUVO IGUAL / NO CAMBIO;MANTENER ALGUNAS Y CAMBIAR OTRAS;SERGIO MASSA;RESPETO DE INSTITUCIONES;NO SABE;BASTANTE;MAS DE DERECHA QUE DE IZQUIERDA;NI PERONISTA NI ANTI PERONISTA;NI KIRCHNERISTA NI ANTI KIRCHNERISTA;JOSE MANUEL DE LA SOTA;3
6;18-29;VARON;UNIVERSITARIO INCOMPLETO O COMPLETO;MAURICIO MACRI;MAURICIO MACRI;DANIEL SCIOLI;DESAPRUEBA;EMPEORÓ;EMPEORÓ;MANTENER ALGUNAS Y CAMBIAR OTRAS;MAURICIO MACRI; ;OTRO;MUCHA;NI DE IZQUIERDA NI DE DERECHA;NI PERONISTA NI ANTI PERONISTA;ANTI KIRCHNERISTA;MARGARITA STOLBIZER;3
7;50-65;VARON;UNIVERSITARIO INCOMPLETO O COMPLETO;MAURICIO MACRI;MAURICIO MACRI;DANIEL SCIOLI;DESAPRUEBA;EMPEORÓ;EMPEORÓ;CAMBIAR TODAS;MAURICIO MACRI;RESPETO DE INSTITUCIONES;NO SABE;MUCHA;NI DE IZQUIERDA NI DE DERECHA;NI PERONISTA NI ANTI PERONISTA;NI KIRCHNERISTA NI ANTI KIRCHNERISTA;BLANCO / NO VOTO;3
8;50-65;VARON;UNIVERSITARIO INCOMPLETO O COMPLETO;MAURICIO MACRI;MAURICIO MACRI;DANIEL SCIOLI;DESAPRUEBA;EMPEORÓ;SE MANTUVO IGUAL / NO CAMBIO;MANTENER ALGUNAS Y CAMBIAR OTRAS;MAURICIO MACRI;EMPLEO;NO SABE;BASTANTE;NI DE IZQUIERDA NI DE DERECHA;ANTIPERONISTA;ANTI KIRCHNERISTA;SERGIO MASSA;3
9;50-65;MUJER;SECUNDARIO INCOMPLETO O COMPLETO;MAURICIO MACRI;MAURICIO MACRI;DANIEL SCIOLI;DESAPRUEBA;EMPEORÓ;EMPEORÓ;MANTENER ALGUNAS Y CAMBIAR OTRAS;MAURICIO MACRI;RESPETO DE INSTITUCIONES;MAURICIO MACRI;BASTANTE;MAS DE DERECHA QUE DE IZQUIERDA;NI PERONISTA NI ANTI PERONISTA;NI KIRCHNERISTA NI ANTI KIRCHNERISTA;MAURICIO MACRI;2
10;18-29;MUJER;UNIVERSITARIO INCOMPLETO O COMPLETO;MAURICIO MACRI;MAURICIO MACRI;SERGIO MASSA;DESAPRUEBA;MEJORÓ;MEJORÓ;MANTENER ALGUNAS Y CAMBIAR OTRAS;MAURICIO MACRI;RESPETO DE INSTITUCIONES;DANIEL SCIOLI;POCA;MAS DE DERECHA QUE DE IZQUIERDA;NO SABE;NI KIRCHNERISTA NI ANTI KIRCHNERISTA;MAURICIO MACRI;3
11;30-49;VARON;TERCIARIO NO UNIV. INCOMPLETO;MAURICIO MACRI;MAURICIO MACRI;DANIEL SCIOLI;DESAPRUEBA;EMPEORÓ;EMPEORÓ;MANTENER ALGUNAS Y CAMBIAR OTRAS;SERGIO MASSA;SEGURIDAD;MAURICIO MACRI;BASTANTE;NI DE IZQUIERDA NI DE DERECHA;NI PERONISTA NI ANTI PERONISTA;NI KIRCHNERISTA NI ANTI KIRCHNERISTA;MAURICIO MACRI;2
12;18-29;MUJER;SECUNDARIO INCOMPLETO O COMPLETO;MAURICIO MACRI;MAURICIO MACRI;SERGIO MASSA;NO SABE;NO SABE;EMPEORÓ;MANTENER ALGUNAS Y CAMBIAR OTRAS;MAURICIO MACRI;SEGURIDAD;MAURICIO MACRI;BASTANTE;NI DE IZQUIERDA NI DE DERECHA;NI PERONISTA NI ANTI PERONISTA;NI KIRCHNERISTA NI ANTI KIRCHNERISTA;MAURICIO MACRI;2
13;30-49;MUJER;UNIVERSITARIO INCOMPLETO O COMPLETO;MARGARITA STOLBIZER;NINGUNO / EN BLANCO;DANIEL SCIOLI;DESAPRUEBA;EMPEORÓ;SE MANTUVO IGUAL / NO CAMBIO;CAMBIAR TODAS;NINGUNO;SEGURIDAD;MAURICIO MACRI;BASTANTE;NI DE IZQUIERDA NI DE DERECHA;NI PERONISTA NI ANTI PERONISTA;NI KIRCHNERISTA NI ANTI KIRCHNERISTA;MARGARITA STOLBIZER;3
14;30-49;VARON;TERCIARIO NO UNIV. COMPLETO;MAURICIO MACRI;MAURICIO MACRI;DANIEL SCIOLI;DESAPRUEBA;EMPEORÓ;EMPEORÓ;CAMBIAR TODAS;MAURICIO MACRI;ECONOMIA;MAURICIO MACRI;BASTANTE;TOTALMENTE DE DERECHA;NI PERONISTA NI ANTI PERONISTA;ANTI KIRCHNERISTA;MAURICIO MACRI;3
15;30-49;MUJER;SECUNDARIO INCOMPLETO O COMPLETO;MAURICIO MACRI;MAURICIO MACRI;DANIEL SCIOLI;DESAPRUEBA;EMPEORÓ;EMPEORÓ;CAMBIAR TODAS;MAURICIO MACRI;RESPETO DE INSTITUCIONES;MAURICIO MACRI;BASTANTE;NI DE IZQUIERDA NI DE DERECHA;ANTIPERONISTA;ANTI KIRCHNERISTA;MAURICIO MACRI;2
16;30-49;VARON;UNIVERSITARIO INCOMPLETO O COMPLETO;DANIEL SCIOLI;DANIEL SCIOLI;MAURICIO MACRI;APRUEBA;MEJORÓ;MEJORÓ;MANTENER POLITICAS ACUTUALES;DANIEL SCIOLI;ECONOMIA;DANIEL SCIOLI;NINGUNA;MAS IZQUIERDA QUE DERECHA;NI PERONISTA NI ANTI PERONISTA;NI KIRCHNERISTA NI ANTI KIRCHNERISTA;OTROS;3
17;>65;MUJER;UNIVERSITARIO INCOMPLETO O COMPLETO;MAURICIO MACRI;SERGIO MASSA;DANIEL SCIOLI;DESAPRUEBA;EMPEORÓ;EMPEORÓ;MANTENER ALGUNAS Y CAMBIAR OTRAS;DANIEL SCIOLI;RESPETO DE INSTITUCIONES;SERGIO MASSA;MUCHA;NI DE IZQUIERDA NI DE DERECHA;NI PERONISTA NI ANTI PERONISTA;ANTI KIRCHNERISTA;BLANCO / NO VOTO;3
18;50-65;VARON;UNIVERSITARIO INCOMPLETO O COMPLETO;MAURICIO MACRI;MAURICIO MACRI;DANIEL SCIOLI;DESAPRUEBA;EMPEORÓ;MEJORÓ;MANTENER ALGUNAS Y CAMBIAR OTRAS;MAURICIO MACRI;RESPETO DE INSTITUCIONES;MAURICIO MACRI;BASTANTE;NI DE IZQUIERDA NI DE DERECHA;NI PERONISTA NI ANTI PERONISTA;ANTI KIRCHNERISTA;OTROS;3
19;>65;MUJER;TERCIARIO NO UNIV. COMPLETO;SERGIO MASSA;SERGIO MASSA;DANIEL SCIOLI;DESAPRUEBA;EMPEORÓ;EMPEORÓ;MANTENER ALGUNAS Y CAMBIAR OTRAS;MAURICIO MACRI;ECONOMIA;MAURICIO MACRI;MUCHA;NI DE IZQUIERDA NI DE DERECHA;ANTIPERONISTA;ANTI KIRCHNERISTA;SERGIO MASSA;3
20;>65;VARON;UNIVERSITARIO INCOMPLETO O COMPLETO;MAURICIO MACRI;MAURICIO MACRI;DANIEL SCIOLI;DESAPRUEBA;EMPEORÓ;SE MANTUVO IGUAL / NO CAMBIO;CAMBIAR TODAS;MAURICIO MACRI;EDUCACION, ASISTENCIA SOCIAL, SALUD;NO SABE;MUCHA;NI DE IZQUIERDA NI DE DERECHA;ANTIPERONISTA;ANTI KIRCHNERISTA;JOSE MANUEL DE LA SOTA;3
21;30-49;MUJER;TERCIARIO NO UNIV. COMPLETO;MAURICIO MACRI;MAURICIO MACRI;DANIEL SCIOLI;APRUEBA;EMPEORÓ;EMPEORÓ;MANTENER ALGUNAS Y CAMBIAR OTRAS;MAURICIO MACRI;SEGURIDAD;MAURICIO MACRI;MUCHA;NI DE IZQUIERDA NI DE DERECHA;NI PERONISTA NI ANTI PERONISTA;ANTI KIRCHNERISTA;MAURICIO MACRI;3
22;50-65;MUJER;SECUNDARIO INCOMPLETO O COMPLETO;SERGIO MASSA;SERGIO MASSA;DANIEL SCIOLI;DESAPRUEBA;EMPEORÓ;EMPEORÓ;CAMBIAR TODAS;NINGUNO;SEGURIDAD;NO SABE;MUCHA;MAS DE DERECHA QUE DE IZQUIERDA;NI PERONISTA NI ANTI PERONISTA;NI KIRCHNERISTA NI ANTI KIRCHNERISTA;SERGIO MASSA;2
23;18-29;VARON;TERCIARIO NO UNIV. INCOMPLETO;MAURICIO MACRI;MAURICIO MACRI;DANIEL SCIOLI;DESAPRUEBA;EMPEORÓ;EMPEORÓ;NO SABE;MAURICIO MACRI;NO SABE;MAURICIO MACRI;MUCHA;NO SABE;NO SABE;ANTI KIRCHNERISTA;MAURICIO MACRI;2
24;30-49;VARON;TERCIARIO NO UNIV. INCOMPLETO;DANIEL SCIOLI;DANIEL SCIOLI;MAURICIO MACRI;APRUEBA;IGUAL;MEJORÓ;MANTENER POLITICAS ACUTUALES;DANIEL SCIOLI;ECONOMIA;DANIEL SCIOLI;BASTANTE;MAS IZQUIERDA QUE DERECHA;PERONISTA;KIRCHNERISTA;DANIEL SCIOLI;2
25;50-65;MUJER;TERCIARIO NO UNIV. INCOMPLETO;NICOLAS DEL CAÑO;NINGUNO / EN BLANCO;MAURICIO MACRI;APRUEBA;MEJORÓ;SE MANTUVO IGUAL / NO CAMBIO;MANTENER POLITICAS ACUTUALES;NINGUNO;EDUCACION, ASISTENCIA SOCIAL, SALUD;OTRO;MUCHA;NI DE IZQUIERDA NI DE DERECHA;NI PERONISTA NI ANTI PERONISTA;NI KIRCHNERISTA NI ANTI KIRCHNERISTA;MARGARITA STOLBIZER;2
26;18-29;VARON;PRIMARIO COMPLETO;DANIEL SCIOLI;DANIEL SCIOLI;MAURICIO MACRI;APRUEBA;MEJORÓ;MEJORÓ;MANTENER POLITICAS ACUTUALES;NO SABE;EDUCACION, ASISTENCIA SOCIAL, SALUD;DANIEL SCIOLI;MUCHA;NO SABE;NI PERONISTA NI ANTI PERONISTA;KIRCHNERISTA;RODRIGUEZ SAA;1
27;30-49;VARON;UNIVERSITARIO INCOMPLETO O COMPLETO;DANIEL SCIOLI;DANIEL SCIOLI;MAURICIO MACRI;APRUEBA;MEJORÓ;MEJORÓ;MANTENER POLITICAS ACUTUALES;DANIEL SCIOLI;ECONOMIA;DANIEL SCIOLI;BASTANTE;TOTALMENTE DE IZQUIERDA;NI PERONISTA NI ANTI PERONISTA;KIRCHNERISTA;DANIEL SCIOLI;3
28;50-65;VARON;UNIVERSITARIO INCOMPLETO O COMPLETO;MAURICIO MACRI;MAURICIO MACRI;DANIEL SCIOLI;DESAPRUEBA;EMPEORÓ;SE MANTUVO IGUAL / NO CAMBIO;CAMBIAR TODAS;MAURICIO MACRI;ECONOMIA;MAURICIO MACRI;NO SABE;NI DE IZQUIERDA NI DE DERECHA;NI PERONISTA NI ANTI PERONISTA;NI KIRCHNERISTA NI ANTI KIRCHNERISTA;MAURICIO MACRI;3
29;>65;VARON;UNIVERSITARIO INCOMPLETO O COMPLETO;DANIEL SCIOLI;DANIEL SCIOLI;MAURICIO MACRI;APRUEBA;MEJORÓ;MEJORÓ;MANTENER POLITICAS ACUTUALES;NINGUNO;EMPLEO;DANIEL SCIOLI;NINGUNA;NI DE IZQUIERDA NI DE DERECHA;NI PERONISTA NI ANTI PERONISTA;KIRCHNERISTA;DANIEL SCIOLI;3
30;50-65;VARON;SECUNDARIO INCOMPLETO O COMPLETO;MAURICIO MACRI;MAURICIO MACRI;DANIEL SCIOLI;DESAPRUEBA;EMPEORÓ;SE MANTUVO IGUAL / NO CAMBIO;MANTENER ALGUNAS Y CAMBIAR OTRAS;MAURICIO MACRI;SEGURIDAD;MAURICIO MACRI;BASTANTE;NI DE IZQUIERDA NI DE DERECHA;ANTIPERONISTA;ANTI KIRCHNERISTA;MAURICIO MACRI;2
31;18-29;MUJER;UNIVERSITARIO INCOMPLETO O COMPLETO;DANIEL SCIOLI;DANIEL SCIOLI;MAURICIO MACRI;APRUEBA;EMPEORÓ;MEJORÓ;MANTENER POLITICAS ACUTUALES;DANIEL SCIOLI;EDUCACION, ASISTENCIA SOCIAL, SALUD;DANIEL SCIOLI;POCA;NI DE IZQUIERDA NI DE DERECHA;NI PERONISTA NI ANTI PERONISTA;NI KIRCHNERISTA NI ANTI KIRCHNERISTA;DANIEL SCIOLI;3
32;50-65;MUJER;UNIVERSITARIO INCOMPLETO O COMPLETO;MAURICIO MACRI;MAURICIO MACRI;DANIEL SCIOLI;DESAPRUEBA;EMPEORÓ;EMPEORÓ;CAMBIAR TODAS;MAURICIO MACRI;RESPETO DE INSTITUCIONES;MAURICIO MACRI;MUCHA;NI DE IZQUIERDA NI DE DERECHA;ANTIPERONISTA;ANTI KIRCHNERISTA;SERGIO MASSA;3
33;50-65;VARON;SECUNDARIO INCOMPLETO O COMPLETO;MAURICIO MACRI;MAURICIO MACRI;DANIEL SCIOLI;APRUEBA;MEJORÓ;EMPEORÓ;CAMBIAR TODAS;MAURICIO MACRI;RESPETO DE INSTITUCIONES;MAURICIO MACRI;NINGUNA;MAS DE DERECHA QUE DE IZQUIERDA;NO SABE;NO SABE;MAURICIO MACRI;2
34;18-29;MUJER;TERCIARIO NO UNIV. INCOMPLETO;MAURICIO MACRI;MAURICIO MACRI;DANIEL SCIOLI;DESAPRUEBA;EMPEORÓ;EMPEORÓ;MANTENER ALGUNAS Y CAMBIAR OTRAS;MAURICIO MACRI;ECONOMIA;DANIEL SCIOLI;MUCHA;MAS DE DERECHA QUE DE IZQUIERDA;NI PERONISTA NI ANTI PERONISTA;ANTI KIRCHNERISTA;MAURICIO MACRI;2
35;>65;MUJER;SECUNDARIO INCOMPLETO O COMPLETO;NO SABE;NO SABE;DANIEL SCIOLI;APRUEBA;MEJORÓ;SE MANTUVO IGUAL / NO CAMBIO;MANTENER ALGUNAS Y CAMBIAR OTRAS;DANIEL SCIOLI;EDUCACION, ASISTENCIA SOCIAL, SALUD;NO SABE;POCA;NI DE IZQUIERDA NI DE DERECHA;NO SABE;NI KIRCHNERISTA NI ANTI KIRCHNERISTA;OTROS;2
36;30-49;MUJER;UNIVERSITARIO INCOMPLETO O COMPLETO;DANIEL SCIOLI;DANIEL SCIOLI;MAURICIO MACRI;APRUEBA;MEJORÓ;NO SABE;MANTENER ALGUNAS Y CAMBIAR OTRAS;NINGUNO;EDUCACION, ASISTENCIA SOCIAL, SALUD;DANIEL SCIOLI;POCA;NI DE IZQUIERDA NI DE DERECHA;NI PERONISTA NI ANTI PERONISTA;NI KIRCHNERISTA NI ANTI KIRCHNERISTA;RODRIGUEZ SAA;3
37;18-29;MUJER;UNIVERSITARIO INCOMPLETO O COMPLETO;DANIEL SCIOLI;DANIEL SCIOLI;MAURICIO MACRI;APRUEBA;MEJORÓ;MEJORÓ;MANTENER POLITICAS ACUTUALES;DANIEL SCIOLI;EMPLEO;DANIEL SCIOLI;NO SABE;TOTALMENTE DE IZQUIERDA;PERONISTA;KIRCHNERISTA;DANIEL SCIOLI;3
38;30-49;VARON;TERCIARIO NO UNIV. COMPLETO;DANIEL SCIOLI;DANIEL SCIOLI;MAURICIO MACRI;APRUEBA;IGUAL;MEJORÓ;MANTENER ALGUNAS Y CAMBIAR OTRAS;DANIEL SCIOLI;EDUCACION, ASISTENCIA SOCIAL, SALUD;DANIEL SCIOLI;BASTANTE;MAS IZQUIERDA QUE DERECHA;PERONISTA;KIRCHNERISTA;BLANCO / NO VOTO;3
39;30-49;MUJER;TERCIARIO NO UNIV. COMPLETO;NO SABE;NO SABE;NO SABE;NO SABE;NO SABE;NO SABE;NO SABE;NO SABE;SEGURIDAD;NO SABE;NO SABE;NO SABE;NO SABE;NO SABE;RODRIGUEZ SAA;3
40;50-65;MUJER;SECUNDARIO INCOMPLETO O COMPLETO;MAURICIO MACRI;MAURICIO MACRI;DANIEL SCIOLI;DESAPRUEBA;EMPEORÓ;EMPEORÓ;MANTENER ALGUNAS Y CAMBIAR OTRAS;MAURICIO MACRI;EMPLEO;MAURICIO MACRI;MUCHA;NI DE IZQUIERDA NI DE DERECHA;NI PERONISTA NI ANTI PERONISTA;NI KIRCHNERISTA NI ANTI KIRCHNERISTA;OTROS;2
41;18-29;VARON;PRIMARIO COMPLETO;MAURICIO MACRI;MAURICIO MACRI;DANIEL SCIOLI;DESAPRUEBA;EMPEORÓ;EMPEORÓ;CAMBIAR TODAS;NINGUNO;ECONOMIA;MAURICIO MACRI;MUCHA;TOTALMENTE DE DERECHA;NI PERONISTA NI ANTI PERONISTA;NI KIRCHNERISTA NI ANTI KIRCHNERISTA;RODRIGUEZ SAA;1
42;18-29;VARON;SECUNDARIO INCOMPLETO O COMPLETO;MAURICIO MACRI;MAURICIO MACRI;NINGUNO / EN BLANCO;DESAPRUEBA;IGUAL;SE MANTUVO IGUAL / NO CAMBIO;MANTENER ALGUNAS Y CAMBIAR OTRAS;MAURICIO MACRI;EDUCACION, ASISTENCIA SOCIAL, SALUD;MAURICIO MACRI;BASTANTE;NI DE IZQUIERDA NI DE DERECHA;NI PERONISTA NI ANTI PERONISTA;ANTI KIRCHNERISTA;MAURICIO MACRI;2
43;18-29;VARON;UNIVERSITARIO INCOMPLETO O COMPLETO;DANIEL SCIOLI;DANIEL SCIOLI;MAURICIO MACRI;APRUEBA;MEJORÓ;MEJORÓ;MANTENER POLITICAS ACUTUALES;DANIEL SCIOLI;ECONOMIA;DANIEL SCIOLI;POCA;NI DE IZQUIERDA NI DE DERECHA;NI PERONISTA NI ANTI PERONISTA;NI KIRCHNERISTA NI ANTI KIRCHNERISTA;OTROS;3
44;50-65;VARON;TERCIARIO NO UNIV. INCOMPLETO;MAURICIO MACRI;MAURICIO MACRI;DANIEL SCIOLI;DESAPRUEBA;EMPEORÓ;SE MANTUVO IGUAL / NO CAMBIO;MANTENER ALGUNAS Y CAMBIAR OTRAS;MAURICIO MACRI;RESPETO DE INSTITUCIONES;MAURICIO MACRI;MUCHA;NI DE IZQUIERDA NI DE DERECHA;NI PERONISTA NI ANTI PERONISTA;ANTI KIRCHNERISTA;MARGARITA STOLBIZER;2
45;30-49;MUJER;TERCIARIO NO UNIV. INCOMPLETO;MAURICIO MACRI;MAURICIO MACRI;DANIEL SCIOLI;DESAPRUEBA;EMPEORÓ;EMPEORÓ;MANTENER ALGUNAS Y CAMBIAR OTRAS;MAURICIO MACRI;RESPETO DE INSTITUCIONES;MAURICIO MACRI;MUCHA;NI DE IZQUIERDA NI DE DERECHA;NI PERONISTA NI ANTI PERONISTA;NI KIRCHNERISTA NI ANTI KIRCHNERISTA;MAURICIO MACRI;2
46;18-29;MUJER;TERCIARIO NO UNIV. INCOMPLETO;DANIEL SCIOLI;DANIEL SCIOLI;MAURICIO MACRI;APRUEBA;MEJORÓ;SE MANTUVO IGUAL / NO CAMBIO;MANTENER POLITICAS ACUTUALES;NO SABE;EDUCACION, ASISTENCIA SOCIAL, SALUD;DANIEL SCIOLI;BASTANTE;MAS IZQUIERDA QUE DERECHA;NI PERONISTA NI ANTI PERONISTA;KIRCHNERISTA;DANIEL SCIOLI;2
47;30-49;MUJER;SECUNDARIO INCOMPLETO O COMPLETO;SERGIO MASSA;SERGIO MASSA;DANIEL SCIOLI;DESAPRUEBA;EMPEORÓ;EMPEORÓ;CAMBIAR TODAS;SERGIO MASSA;SEGURIDAD;DANIEL SCIOLI;MUCHA;NI DE IZQUIERDA NI DE DERECHA;NO SABE;ANTI KIRCHNERISTA;SERGIO MASSA;2
48;18-29;VARON;UNIVERSITARIO INCOMPLETO O COMPLETO;MAURICIO MACRI;MAURICIO MACRI;DANIEL SCIOLI;DESAPRUEBA;EMPEORÓ;EMPEORÓ;CAMBIAR TODAS;MAURICIO MACRI;SEGURIDAD;DANIEL SCIOLI;MUCHA;NI DE IZQUIERDA NI DE DERECHA;NI PERONISTA NI ANTI PERONISTA;NI KIRCHNERISTA NI ANTI KIRCHNERISTA;MAURICIO MACRI;3
49;30-49;MUJER;SECUNDARIO INCOMPLETO O COMPLETO;ADOLFO RODRIGUEZ SAA;MAURICIO MACRI;DANIEL SCIOLI;DESAPRUEBA;EMPEORÓ;EMPEORÓ;CAMBIAR TODAS;MAURICIO MACRI;ECONOMIA;OTRO;NINGUNA;NI DE IZQUIERDA NI DE DERECHA;ANTIPERONISTA;ANTI KIRCHNERISTA;OTROS;2
50;>65;VARON;PRIMARIO COMPLETO;MARGARITA STOLBIZER;NINGUNO / EN BLANCO;DANIEL SCIOLI;DESAPRUEBA;MEJORÓ;EMPEORÓ;MANTENER ALGUNAS Y CAMBIAR OTRAS;NINGUNO;EDUCACION, ASISTENCIA SOCIAL, SALUD;NO SABE;BASTANTE;MAS IZQUIERDA QUE DERECHA;NI PERONISTA NI ANTI PERONISTA;NI KIRCHNERISTA NI ANTI KIRCHNERISTA;MARGARITA STOLBIZER;1
51;30-49;MUJER;UNIVERSITARIO INCOMPLETO O COMPLETO;NICOLAS DEL CAÑO;NINGUNO / EN BLANCO;DANIEL SCIOLI;DESAPRUEBA;EMPEORÓ;EMPEORÓ;MANTENER ALGUNAS Y CAMBIAR OTRAS;NO SABE;SEGURIDAD;NO SABE;MUCHA;NI DE IZQUIERDA NI DE DERECHA;NI PERONISTA NI ANTI PERONISTA;NI KIRCHNERISTA NI ANTI KIRCHNERISTA;OTROS;3
52;>65;VARON;UNIVERSITARIO INCOMPLETO O COMPLETO;MAURICIO MACRI;MAURICIO MACRI;DANIEL SCIOLI;DESAPRUEBA;EMPEORÓ;SE MANTUVO IGUAL / NO CAMBIO;CAMBIAR TODAS;MAURICIO MACRI;RESPETO DE INSTITUCIONES;MAURICIO MACRI;MUCHA;NI DE IZQUIERDA NI DE DERECHA;NI PERONISTA NI ANTI PERONISTA;ANTI KIRCHNERISTA;MAURICIO MACRI;3
53;30-49;MUJER;TERCIARIO NO UNIV. COMPLETO;NICOLAS DEL CAÑO;NINGUNO / EN BLANCO;MAURICIO MACRI;DESAPRUEBA;EMPEORÓ;EMPEORÓ;MANTENER ALGUNAS Y CAMBIAR OTRAS;NINGUNO;EDUCACION, ASISTENCIA SOCIAL, SALUD;DANIEL SCIOLI;MUCHA;MAS IZQUIERDA QUE DERECHA;NI PERONISTA NI ANTI PERONISTA;NI KIRCHNERISTA NI ANTI KIRCHNERISTA;OTROS;3
54;30-49;MUJER;UNIVERSITARIO INCOMPLETO O COMPLETO;MAURICIO MACRI;MAURICIO MACRI;DANIEL SCIOLI;DESAPRUEBA;EMPEORÓ;SE MANTUVO IGUAL / NO CAMBIO;MANTENER ALGUNAS Y CAMBIAR OTRAS;NO SABE;EMPLEO;NO SABE;MUCHA;NI DE IZQUIERDA NI DE DERECHA;NI PERONISTA NI ANTI PERONISTA;NI KIRCHNERISTA NI ANTI KIRCHNERISTA;MAURICIO MACRI;3
55;>65;MUJER;UNIVERSITARIO INCOMPLETO O COMPLETO;MAURICIO MACRI;MAURICIO MACRI;DANIEL SCIOLI;DESAPRUEBA;IGUAL;SE MANTUVO IGUAL / NO CAMBIO;MANTENER ALGUNAS Y CAMBIAR OTRAS;MAURICIO MACRI;SEGURIDAD;MAURICIO MACRI;POCA;MAS IZQUIERDA QUE DERECHA;NI PERONISTA NI ANTI PERONISTA;NI KIRCHNERISTA NI ANTI KIRCHNERISTA;BLANCO / NO VOTO;3
56;18-29;VARON;PRIMARIO COMPLETO;MAURICIO MACRI;MAURICIO MACRI;DANIEL SCIOLI;DESAPRUEBA;EMPEORÓ;EMPEORÓ;CAMBIAR TODAS;MAURICIO MACRI;ECONOMIA;MAURICIO MACRI;MUCHA;NI DE IZQUIERDA NI DE DERECHA;NI PERONISTA NI ANTI PERONISTA;NI KIRCHNERISTA NI ANTI KIRCHNERISTA;MAURICIO MACRI;1
57;50-65;MUJER;TERCIARIO NO UNIV. INCOMPLETO;SERGIO MASSA;SERGIO MASSA;DANIEL SCIOLI;DESAPRUEBA;EMPEORÓ;EMPEORÓ;MANTENER ALGUNAS Y CAMBIAR OTRAS;SERGIO MASSA;SEGURIDAD;DANIEL SCIOLI;POCA;NI DE IZQUIERDA NI DE DERECHA;NI PERONISTA NI ANTI PERONISTA;ANTI KIRCHNERISTA;SERGIO MASSA;2
58;50-65;MUJER;SECUNDARIO INCOMPLETO O COMPLETO;MARGARITA STOLBIZER;MAURICIO MACRI;DANIEL SCIOLI;DESAPRUEBA;EMPEORÓ;EMPEORÓ;CAMBIAR TODAS;SERGIO MASSA;RESPETO DE INSTITUCIONES;MAURICIO MACRI;BASTANTE;NI DE IZQUIERDA NI DE DERECHA;ANTIPERONISTA;ANTI KIRCHNERISTA;MARGARITA STOLBIZER;2
59;30-49;MUJER;TERCIARIO NO UNIV. INCOMPLETO;MAURICIO MACRI;MAURICIO MACRI;DANIEL SCIOLI;APRUEBA;EMPEORÓ;SE MANTUVO IGUAL / NO CAMBIO;CAMBIAR TODAS;MAURICIO MACRI;EMPLEO;MAURICIO MACRI;MUCHA;NO SABE;ANTIPERONISTA;ANTI KIRCHNERISTA;MAURICIO MACRI;2
60;50-65;MUJER;UNIVERSITARIO INCOMPLETO O COMPLETO;DANIEL SCIOLI;DANIEL SCIOLI;SERGIO MASSA;DESAPRUEBA;IGUAL;SE MANTUVO IGUAL / NO CAMBIO;MANTENER ALGUNAS Y CAMBIAR OTRAS;DANIEL SCIOLI;EDUCACION, ASISTENCIA SOCIAL, SALUD;DANIEL SCIOLI;POCA;MAS IZQUIERDA QUE DERECHA;NI PERONISTA NI ANTI PERONISTA;NI KIRCHNERISTA NI ANTI KIRCHNERISTA;DANIEL SCIOLI;3
61;30-49;MUJER;TERCIARIO NO UNIV. COMPLETO;DANIEL SCIOLI;DANIEL SCIOLI;MAURICIO MACRI;APRUEBA;IGUAL;MEJORÓ;MANTENER ALGUNAS Y CAMBIAR OTRAS;DANIEL SCIOLI;EMPLEO;DANIEL SCIOLI;BASTANTE;MAS IZQUIERDA QUE DERECHA;ANTIPERONISTA;KIRCHNERISTA;DANIEL SCIOLI;3
62;18-29;VARON;SECUNDARIO INCOMPLETO O COMPLETO;MAURICIO MACRI;MAURICIO MACRI;DANIEL SCIOLI;DESAPRUEBA;EMPEORÓ;EMPEORÓ;CAMBIAR TODAS;SERGIO MASSA;SEGURIDAD;MAURICIO MACRI;MUCHA;NI DE IZQUIERDA NI DE DERECHA;NI PERONISTA NI ANTI PERONISTA;ANTI KIRCHNERISTA;JOSE MANUEL DE LA SOTA;2
63;50-65;VARON;TERCIARIO NO UNIV. INCOMPLETO;SERGIO MASSA;SERGIO MASSA;DANIEL SCIOLI;DESAPRUEBA;EMPEORÓ;SE MANTUVO IGUAL / NO CAMBIO;MANTENER ALGUNAS Y CAMBIAR OTRAS;MAURICIO MACRI;ECONOMIA;DANIEL SCIOLI;BASTANTE;NI DE IZQUIERDA NI DE DERECHA;NO SABE;ANTI KIRCHNERISTA;JOSE MANUEL DE LA SOTA;2
64;>65;VARON;TERCIARIO NO UNIV. INCOMPLETO;DANIEL SCIOLI;DANIEL SCIOLI;MAURICIO MACRI;APRUEBA;MEJORÓ;MEJORÓ;MANTENER POLITICAS ACUTUALES;DANIEL SCIOLI;RESPETO DE INSTITUCIONES;DANIEL SCIOLI;NO SABE;TOTALMENTE DE IZQUIERDA;PERONISTA;KIRCHNERISTA;DANIEL SCIOLI;2
65;30-49;MUJER;UNIVERSITARIO INCOMPLETO O COMPLETO;NO SABE;NINGUNO / EN BLANCO;NINGUNO / EN BLANCO;DESAPRUEBA;EMPEORÓ;EMPEORÓ;CAMBIAR TODAS;NINGUNO;ECONOMIA;NO SABE;MUCHA;NO SABE;PERONISTA;NI KIRCHNERISTA NI ANTI KIRCHNERISTA;BLANCO / NO VOTO;3
66;50-65;MUJER;TERCIARIO NO UNIV. INCOMPLETO;MAURICIO MACRI;MAURICIO MACRI;DANIEL SCIOLI;DESAPRUEBA;EMPEORÓ;EMPEORÓ;CAMBIAR TODAS;MAURICIO MACRI;ECONOMIA;MAURICIO MACRI;BASTANTE;NI DE IZQUIERDA NI DE DERECHA;ANTIPERONISTA;ANTI KIRCHNERISTA;MAURICIO MACRI;2
67;30-49;MUJER;UNIVERSITARIO INCOMPLETO O COMPLETO;DANIEL SCIOLI;DANIEL SCIOLI;MAURICIO MACRI;DESAPRUEBA; ;SE MANTUVO IGUAL / NO CAMBIO;MANTENER ALGUNAS Y CAMBIAR OTRAS;DANIEL SCIOLI;NO SABE;NO SABE;NO SABE;NI DE IZQUIERDA NI DE DERECHA;NI PERONISTA NI ANTI PERONISTA;NI KIRCHNERISTA NI ANTI KIRCHNERISTA;DANIEL SCIOLI;3
68;50-65;VARON;SECUNDARIO INCOMPLETO O COMPLETO;MAURICIO MACRI;MAURICIO MACRI;DANIEL SCIOLI;DESAPRUEBA;EMPEORÓ;EMPEORÓ;CAMBIAR TODAS;SERGIO MASSA;RESPETO DE INSTITUCIONES;MAURICIO MACRI;MUCHA;NI DE IZQUIERDA NI DE DERECHA;ANTIPERONISTA;ANTI KIRCHNERISTA;MAURICIO MACRI;2
69;18-29;MUJER;TERCIARIO NO UNIV. INCOMPLETO;MAURICIO MACRI;MAURICIO MACRI;DANIEL SCIOLI;DESAPRUEBA;EMPEORÓ;EMPEORÓ;MANTENER ALGUNAS Y CAMBIAR OTRAS;MAURICIO MACRI;EDUCACION, ASISTENCIA SOCIAL, SALUD;DANIEL SCIOLI;MUCHA;NI DE IZQUIERDA NI DE DERECHA;NI PERONISTA NI ANTI PERONISTA;NI KIRCHNERISTA NI ANTI KIRCHNERISTA;RODRIGUEZ SAA;2
70;18-29;VARON;TERCIARIO NO UNIV. INCOMPLETO;DANIEL SCIOLI;DANIEL SCIOLI;MAURICIO MACRI;APRUEBA;IGUAL;MEJORÓ;MANTENER POLITICAS ACUTUALES;DANIEL SCIOLI;SEGURIDAD;DANIEL SCIOLI;NINGUNA;NI DE IZQUIERDA NI DE DERECHA;PERONISTA;KIRCHNERISTA;DANIEL SCIOLI;2
71;18-29;VARON;TERCIARIO NO UNIV. INCOMPLETO;MAURICIO MACRI;MAURICIO MACRI;DANIEL SCIOLI;DESAPRUEBA;IGUAL;NO SABE;MANTENER ALGUNAS Y CAMBIAR OTRAS;MAURICIO MACRI;SEGURIDAD;MAURICIO MACRI;BASTANTE;NI DE IZQUIERDA NI DE DERECHA;NI PERONISTA NI ANTI PERONISTA;NI KIRCHNERISTA NI ANTI KIRCHNERISTA;MAURICIO MACRI;2
72;18-29;MUJER;TERCIARIO NO UNIV. COMPLETO;DANIEL SCIOLI;NO SABE;MAURICIO MACRI;APRUEBA;IGUAL;MEJORÓ;MANTENER ALGUNAS Y CAMBIAR OTRAS;MAURICIO MACRI;EMPLEO;DANIEL SCIOLI;POCA;NI DE IZQUIERDA NI DE DERECHA;PERONISTA;KIRCHNERISTA;SERGIO MASSA;3
73;>65;VARON;PRIMARIO COMPLETO;ADOLFO RODRIGUEZ SAA;NO SABE;NO SABE;NO SABE;NO SABE;NO SABE;MANTENER ALGUNAS Y CAMBIAR OTRAS;NO SABE;ECONOMIA;NO SABE;NO SABE;NI DE IZQUIERDA NI DE DERECHA;NI PERONISTA NI ANTI PERONISTA;NI KIRCHNERISTA NI ANTI KIRCHNERISTA;BLANCO / NO VOTO;1
74;50-65;MUJER;UNIVERSITARIO INCOMPLETO O COMPLETO;DANIEL SCIOLI;DANIEL SCIOLI;NINGUNO / EN BLANCO;DESAPRUEBA;EMPEORÓ;MEJORÓ;MANTENER ALGUNAS Y CAMBIAR OTRAS;NO SABE;ECONOMIA;DANIEL SCIOLI;BASTANTE;NI DE IZQUIERDA NI DE DERECHA;PERONISTA;NI KIRCHNERISTA NI ANTI KIRCHNERISTA;JOSE MANUEL DE LA SOTA;3
75;30-49;MUJER;SECUNDARIO INCOMPLETO O COMPLETO;SERGIO MASSA;SERGIO MASSA;DANIEL SCIOLI;DESAPRUEBA;EMPEORÓ;EMPEORÓ;MANTENER ALGUNAS Y CAMBIAR OTRAS;SERGIO MASSA;EMPLEO;MAURICIO MACRI;BASTANTE;NI DE IZQUIERDA NI DE DERECHA;NI PERONISTA NI ANTI PERONISTA;ANTI KIRCHNERISTA;SERGIO MASSA;2
76;18-29;VARON;TERCIARIO NO UNIV. INCOMPLETO;MAURICIO MACRI;MAURICIO MACRI;DANIEL SCIOLI;DESAPRUEBA;EMPEORÓ;EMPEORÓ;CAMBIAR TODAS;MAURICIO MACRI;ECONOMIA;MAURICIO MACRI;MUCHA;NI DE IZQUIERDA NI DE DERECHA;NI PERONISTA NI ANTI PERONISTA;ANTI KIRCHNERISTA;MAURICIO MACRI;2
77;30-49;MUJER;TERCIARIO NO UNIV. COMPLETO;MAURICIO MACRI;MAURICIO MACRI;DANIEL SCIOLI;DESAPRUEBA;EMPEORÓ;SE MANTUVO IGUAL / NO CAMBIO;MANTENER ALGUNAS Y CAMBIAR OTRAS;MAURICIO MACRI;RESPETO DE INSTITUCIONES;MAURICIO MACRI;MUCHA;NI DE IZQUIERDA NI DE DERECHA;NI PERONISTA NI ANTI PERONISTA;ANTI KIRCHNERISTA;MAURICIO MACRI;3
78;>65;MUJER;SECUNDARIO INCOMPLETO O COMPLETO;NINGUNO / EN BLANCO;NINGUNO / EN BLANCO;DANIEL SCIOLI;DESAPRUEBA;EMPEORÓ;EMPEORÓ;CAMBIAR TODAS;NINGUNO;SEGURIDAD;MAURICIO MACRI;BASTANTE;NI DE IZQUIERDA NI DE DERECHA;NO SABE;NO SABE;BLANCO / NO VOTO;2
79;18-29;VARON;TERCIARIO NO UNIV. COMPLETO;MAURICIO MACRI;MAURICIO MACRI;DANIEL SCIOLI;DESAPRUEBA;EMPEORÓ;EMPEORÓ;MANTENER ALGUNAS Y CAMBIAR OTRAS;MAURICIO MACRI;EMPLEO;DANIEL SCIOLI;MUCHA;NI DE IZQUIERDA NI DE DERECHA;NI PERONISTA NI ANTI PERONISTA;ANTI KIRCHNERISTA;MAURICIO MACRI;3
80;30-49;MUJER;UNIVERSITARIO INCOMPLETO O COMPLETO;MAURICIO MACRI;MAURICIO MACRI;DANIEL SCIOLI;DESAPRUEBA;EMPEORÓ;SE MANTUVO IGUAL / NO CAMBIO;MANTENER ALGUNAS Y CAMBIAR OTRAS;MAURICIO MACRI;RESPETO DE INSTITUCIONES;MAURICIO MACRI;MUCHA;NI DE IZQUIERDA NI DE DERECHA;NI PERONISTA NI ANTI PERONISTA;ANTI KIRCHNERISTA;SERGIO MASSA;3
81;30-49;MUJER;UNIVERSITARIO INCOMPLETO O COMPLETO;MAURICIO MACRI;MAURICIO MACRI;DANIEL SCIOLI;DESAPRUEBA;EMPEORÓ;EMPEORÓ;MANTENER ALGUNAS Y CAMBIAR OTRAS;MAURICIO MACRI;SEGURIDAD;MAURICIO MACRI;MUCHA;NO SABE;NO SABE;ANTI KIRCHNERISTA;OTROS;3
82;30-49;MUJER;UNIVERSITARIO INCOMPLETO O COMPLETO;MAURICIO MACRI;NO SABE;SERGIO MASSA;APRUEBA;MEJORÓ;EMPEORÓ;MANTENER ALGUNAS Y CAMBIAR OTRAS;MAURICIO MACRI;RESPETO DE INSTITUCIONES;NO SABE;BASTANTE;NI DE IZQUIERDA NI DE DERECHA;NI PERONISTA NI ANTI PERONISTA;NI KIRCHNERISTA NI ANTI KIRCHNERISTA;RODRIGUEZ SAA;3
83;30-49;MUJER;UNIVERSITARIO INCOMPLETO O COMPLETO;SERGIO MASSA;SERGIO MASSA;DANIEL SCIOLI;DESAPRUEBA;EMPEORÓ;EMPEORÓ;MANTENER ALGUNAS Y CAMBIAR OTRAS;SERGIO MASSA;EMPLEO;MAURICIO MACRI;MUCHA;NI DE IZQUIERDA NI DE DERECHA;NO SABE;ANTI KIRCHNERISTA;BLANCO / NO VOTO;3
84;30-49;MUJER;UNIVERSITARIO INCOMPLETO O COMPLETO;MARGARITA STOLBIZER;NO SABE;SERGIO MASSA;APRUEBA;IGUAL;SE MANTUVO IGUAL / NO CAMBIO;MANTENER ALGUNAS Y CAMBIAR OTRAS;NO SABE;EDUCACION, ASISTENCIA SOCIAL, SALUD;NO SABE;BASTANTE;MAS IZQUIERDA QUE DERECHA;NI PERONISTA NI ANTI PERONISTA;NI KIRCHNERISTA NI ANTI KIRCHNERISTA;MARGARITA STOLBIZER;3
85;30-49;VARON;UNIVERSITARIO INCOMPLETO O COMPLETO;MAURICIO MACRI;MAURICIO MACRI;DANIEL SCIOLI;DESAPRUEBA;EMPEORÓ;EMPEORÓ;MANTENER ALGUNAS Y CAMBIAR OTRAS;MAURICIO MACRI;ECONOMIA;MAURICIO MACRI;MUCHA;TOTALMENTE DE DERECHA;NI PERONISTA NI ANTI PERONISTA;NI KIRCHNERISTA NI ANTI KIRCHNERISTA;MAURICIO MACRI;3
86;30-49;VARON;TERCIARIO NO UNIV. COMPLETO;DANIEL SCIOLI;DANIEL SCIOLI;MAURICIO MACRI;APRUEBA;MEJORÓ;MEJORÓ;MANTENER POLITICAS ACUTUALES;DANIEL SCIOLI;EDUCACION, ASISTENCIA SOCIAL, SALUD;DANIEL SCIOLI;POCA;TOTALMENTE DE IZQUIERDA;NI PERONISTA NI ANTI PERONISTA;NI KIRCHNERISTA NI ANTI KIRCHNERISTA;DANIEL SCIOLI;3
87;30-49;VARON;UNIVERSITARIO INCOMPLETO O COMPLETO;MAURICIO MACRI;MAURICIO MACRI;DANIEL SCIOLI;DESAPRUEBA;EMPEORÓ;EMPEORÓ;CAMBIAR TODAS;MAURICIO MACRI;EDUCACION, ASISTENCIA SOCIAL, SALUD;MAURICIO MACRI;BASTANTE;NI DE IZQUIERDA NI DE DERECHA;NI PERONISTA NI ANTI PERONISTA;ANTI KIRCHNERISTA;SERGIO MASSA;3
88;30-49;VARON;UNIVERSITARIO INCOMPLETO O COMPLETO;DANIEL SCIOLI;DANIEL SCIOLI;MAURICIO MACRI;APRUEBA;MEJORÓ;MEJORÓ;MANTENER ALGUNAS Y CAMBIAR OTRAS;DANIEL SCIOLI;SEGURIDAD;DANIEL SCIOLI;NINGUNA;NO SABE;NI PERONISTA NI ANTI PERONISTA;NI KIRCHNERISTA NI ANTI KIRCHNERISTA;DANIEL SCIOLI;3
89;18-29;MUJER;TERCIARIO NO UNIV. INCOMPLETO;ADOLFO RODRIGUEZ SAA;SERGIO MASSA;DANIEL SCIOLI;DESAPRUEBA;EMPEORÓ;SE MANTUVO IGUAL / NO CAMBIO;MANTENER ALGUNAS Y CAMBIAR OTRAS;NINGUNO;NO SABE;MAURICIO MACRI;MUCHA;NI DE IZQUIERDA NI DE DERECHA;NI PERONISTA NI ANTI PERONISTA;ANTI KIRCHNERISTA;BLANCO / NO VOTO;2
90;>65;VARON;PRIMARIO COMPLETO;NINGUNO / EN BLANCO;NINGUNO / EN BLANCO;DANIEL SCIOLI;DESAPRUEBA;EMPEORÓ;EMPEORÓ;NO SABE;NO SABE;NO SABE;NO SABE;NO SABE;NO SABE;NO SABE;NO SABE;RODRIGUEZ SAA;1
91;18-29;MUJER;TERCIARIO NO UNIV. COMPLETO;NO SABE;NO SABE;MAURICIO MACRI;APRUEBA;NO SABE;NO SABE;MANTENER ALGUNAS Y CAMBIAR OTRAS;NO SABE;EDUCACION, ASISTENCIA SOCIAL, SALUD;NO SABE;NO SABE;NO SABE;NI PERONISTA NI ANTI PERONISTA;NI KIRCHNERISTA NI ANTI KIRCHNERISTA;BLANCO / NO VOTO;3
92;>65;MUJER;SECUNDARIO INCOMPLETO O COMPLETO;SERGIO MASSA;SERGIO MASSA;DANIEL SCIOLI;DESAPRUEBA;EMPEORÓ;EMPEORÓ;CAMBIAR TODAS;MAURICIO MACRI;ECONOMIA;MAURICIO MACRI;BASTANTE;NI DE IZQUIERDA NI DE DERECHA;NI PERONISTA NI ANTI PERONISTA;ANTI KIRCHNERISTA;MAURICIO MACRI;2
93;18-29;VARON;UNIVERSITARIO INCOMPLETO O COMPLETO;NICOLAS DEL CAÑO;NINGUNO / EN BLANCO;MAURICIO MACRI;DESAPRUEBA;EMPEORÓ;SE MANTUVO IGUAL / NO CAMBIO;MANTENER ALGUNAS Y CAMBIAR OTRAS;NINGUNO;EMPLEO;DANIEL SCIOLI;BASTANTE;TOTALMENTE DE IZQUIERDA;NI PERONISTA NI ANTI PERONISTA;NI KIRCHNERISTA NI ANTI KIRCHNERISTA;OTROS;3
94;50-65;MUJER;TERCIARIO NO UNIV. COMPLETO;MAURICIO MACRI;MAURICIO MACRI;DANIEL SCIOLI;DESAPRUEBA;EMPEORÓ;EMPEORÓ;MANTENER ALGUNAS Y CAMBIAR OTRAS;MAURICIO MACRI;SEGURIDAD;MAURICIO MACRI;MUCHA;NI DE IZQUIERDA NI DE DERECHA;NI PERONISTA NI ANTI PERONISTA;ANTI KIRCHNERISTA;MAURICIO MACRI;3
95;50-65;VARON;TERCIARIO NO UNIV. COMPLETO;MAURICIO MACRI;MAURICIO MACRI;DANIEL SCIOLI;DESAPRUEBA;EMPEORÓ;EMPEORÓ;CAMBIAR TODAS;MAURICIO MACRI;RESPETO DE INSTITUCIONES;MAURICIO MACRI;BASTANTE;NI DE IZQUIERDA NI DE DERECHA;NI PERONISTA NI ANTI PERONISTA;ANTI KIRCHNERISTA;OTROS;3
96;30-49;MUJER;UNIVERSITARIO INCOMPLETO O COMPLETO;MAURICIO MACRI;MAURICIO MACRI;DANIEL SCIOLI;NO SABE;EMPEORÓ;EMPEORÓ;MANTENER ALGUNAS Y CAMBIAR OTRAS;MAURICIO MACRI;SEGURIDAD;NO SABE;NO SABE;NI DE IZQUIERDA NI DE DERECHA;NI PERONISTA NI ANTI PERONISTA;NI KIRCHNERISTA NI ANTI KIRCHNERISTA;MARGARITA STOLBIZER;3
97;18-29;MUJER;SECUNDARIO INCOMPLETO O COMPLETO;SERGIO MASSA;SERGIO MASSA;MAURICIO MACRI;DESAPRUEBA;EMPEORÓ;EMPEORÓ;MANTENER ALGUNAS Y CAMBIAR OTRAS;SERGIO MASSA;SEGURIDAD;SERGIO MASSA;NINGUNA;NI DE IZQUIERDA NI DE DERECHA;PERONISTA;ANTI KIRCHNERISTA;SERGIO MASSA;2
98;18-29;MUJER;TERCIARIO NO UNIV. INCOMPLETO;NINGUNO / EN BLANCO;NINGUNO / EN BLANCO;DANIEL SCIOLI;DESAPRUEBA;EMPEORÓ;EMPEORÓ;CAMBIAR TODAS;NINGUNO;EDUCACION, ASISTENCIA SOCIAL, SALUD;DANIEL SCIOLI;NINGUNA;TOTALMENTE DE IZQUIERDA;ANTIPERONISTA;ANTI KIRCHNERISTA;OTROS;2
99;50-65;MUJER;TERCIARIO NO UNIV. INCOMPLETO;MAURICIO MACRI;MAURICIO MACRI;DANIEL SCIOLI;DESAPRUEBA;EMPEORÓ;EMPEORÓ;CAMBIAR TODAS;MAURICIO MACRI;ECONOMIA;MAURICIO MACRI;MUCHA;NI DE IZQUIERDA NI DE DERECHA;PERONISTA;ANTI KIRCHNERISTA;MAURICIO MACRI;2
100;>65;MUJER;TERCIARIO NO UNIV. COMPLETO;NINGUNO / EN BLANCO;NINGUNO / EN BLANCO;DANIEL SCIOLI;APRUEBA;EMPEORÓ;SE MANTUVO IGUAL / NO CAMBIO;CAMBIAR TODAS;DANIEL SCIOLI;SEGURIDAD;NO SABE;MUCHA;MAS IZQUIERDA QUE DERECHA;PERONISTA;NI KIRCHNERISTA NI ANTI KIRCHNERISTA;JOSE MANUEL DE LA SOTA;3
101;>65;VARON;UNIVERSITARIO INCOMPLETO O COMPLETO;SERGIO MASSA;SERGIO MASSA;NO SABE;NO SABE;IGUAL;SE MANTUVO IGUAL / NO CAMBIO;MANTENER ALGUNAS Y CAMBIAR OTRAS;SERGIO MASSA;RESPETO DE INSTITUCIONES;DANIEL SCIOLI;BASTANTE;NI DE IZQUIERDA NI DE DERECHA;NI PERONISTA NI ANTI PERONISTA;NI KIRCHNERISTA NI ANTI KIRCHNERISTA;MARGARITA STOLBIZER;3
102;50-65;MUJER;UNIVERSITARIO INCOMPLETO O COMPLETO;DANIEL SCIOLI;DANIEL SCIOLI;MAURICIO MACRI;DESAPRUEBA;EMPEORÓ;SE MANTUVO IGUAL / NO CAMBIO;MANTENER ALGUNAS Y CAMBIAR OTRAS;DANIEL SCIOLI;RESPETO DE INSTITUCIONES;DANIEL SCIOLI;NO SABE;MAS IZQUIERDA QUE DERECHA;NI PERONISTA NI ANTI PERONISTA;NI KIRCHNERISTA NI ANTI KIRCHNERISTA;DANIEL SCIOLI;3
103;30-49;VARON;UNIVERSITARIO INCOMPLETO O COMPLETO;MARGARITA STOLBIZER;NO SABE;NO SABE;DESAPRUEBA;EMPEORÓ;EMPEORÓ;CAMBIAR TODAS;NO SABE;RESPETO DE INSTITUCIONES;OTRO;MUCHA;NI DE IZQUIERDA NI DE DERECHA;NI PERONISTA NI ANTI PERONISTA;ANTI KIRCHNERISTA;MARGARITA STOLBIZER;3
104;50-65;VARON;SECUNDARIO INCOMPLETO O COMPLETO;DANIEL SCIOLI;SERGIO MASSA;MAURICIO MACRI;APRUEBA;MEJORÓ;MEJORÓ;MANTENER ALGUNAS Y CAMBIAR OTRAS;DANIEL SCIOLI;ECONOMIA;DANIEL SCIOLI;POCA;NI DE IZQUIERDA NI DE DERECHA;PERONISTA;NI KIRCHNERISTA NI ANTI KIRCHNERISTA;DANIEL SCIOLI;2
105;30-49;MUJER;TERCIARIO NO UNIV. COMPLETO;DANIEL SCIOLI;DANIEL SCIOLI;MAURICIO MACRI;APRUEBA;IGUAL;MEJORÓ;MANTENER ALGUNAS Y CAMBIAR OTRAS;DANIEL SCIOLI;SEGURIDAD;DANIEL SCIOLI;BASTANTE;NO SABE;PERONISTA;NO SABE;RODRIGUEZ SAA;3
106;>65;MUJER;UNIVERSITARIO INCOMPLETO O COMPLETO;MAURICIO MACRI;MAURICIO MACRI;DANIEL SCIOLI;DESAPRUEBA;EMPEORÓ;EMPEORÓ;CAMBIAR TODAS;NO SABE;RESPETO DE INSTITUCIONES;DANIEL SCIOLI;BASTANTE;NI DE IZQUIERDA NI DE DERECHA;NI PERONISTA NI ANTI PERONISTA;ANTI KIRCHNERISTA;OTROS;3
107;30-49;MUJER;UNIVERSITARIO INCOMPLETO O COMPLETO;MAURICIO MACRI;MAURICIO MACRI;DANIEL SCIOLI;DESAPRUEBA;EMPEORÓ;NO SABE;MANTENER ALGUNAS Y CAMBIAR OTRAS;MAURICIO MACRI;EDUCACION, ASISTENCIA SOCIAL, SALUD;NO SABE;BASTANTE;NI DE IZQUIERDA NI DE DERECHA;NI PERONISTA NI ANTI PERONISTA;NI KIRCHNERISTA NI ANTI KIRCHNERISTA;BLANCO / NO VOTO;3
108;30-49;MUJER;TERCIARIO NO UNIV. COMPLETO;MAURICIO MACRI;MAURICIO MACRI;DANIEL SCIOLI;DESAPRUEBA;EMPEORÓ;EMPEORÓ;MANTENER ALGUNAS Y CAMBIAR OTRAS;MAURICIO MACRI;EMPLEO;MAURICIO MACRI;BASTANTE;NI DE IZQUIERDA NI DE DERECHA;NI PERONISTA NI ANTI PERONISTA;NI KIRCHNERISTA NI ANTI KIRCHNERISTA;OTROS;3
109;>65;VARON;UNIVERSITARIO INCOMPLETO O COMPLETO;DANIEL SCIOLI;DANIEL SCIOLI;MAURICIO MACRI;APRUEBA;MEJORÓ;SE MANTUVO IGUAL / NO CAMBIO;MANTENER ALGUNAS Y CAMBIAR OTRAS;DANIEL SCIOLI;ECONOMIA;DANIEL SCIOLI;POCA;MAS IZQUIERDA QUE DERECHA;NI PERONISTA NI ANTI PERONISTA;NI KIRCHNERISTA NI ANTI KIRCHNERISTA;DANIEL SCIOLI;3
110;50-65;VARON;PRIMARIO COMPLETO;MAURICIO MACRI;MAURICIO MACRI;DANIEL SCIOLI;DESAPRUEBA;EMPEORÓ;EMPEORÓ;CAMBIAR TODAS;MAURICIO MACRI;ECONOMIA;DANIEL SCIOLI;MUCHA;NI DE IZQUIERDA NI DE DERECHA;NI PERONISTA NI ANTI PERONISTA;NI KIRCHNERISTA NI ANTI KIRCHNERISTA;MAURICIO MACRI;1
111;30-49;VARON;TERCIARIO NO UNIV. COMPLETO;MAURICIO MACRI;MAURICIO MACRI;DANIEL SCIOLI;DESAPRUEBA;EMPEORÓ;MEJORÓ;MANTENER ALGUNAS Y CAMBIAR OTRAS;MAURICIO MACRI;RESPETO DE INSTITUCIONES;MAURICIO MACRI;BASTANTE;NI DE IZQUIERDA NI DE DERECHA;ANTIPERONISTA;ANTI KIRCHNERISTA;MAURICIO MACRI;3
112;18-29;MUJER;SECUNDARIO INCOMPLETO O COMPLETO;MAURICIO MACRI;MAURICIO MACRI;DANIEL SCIOLI;DESAPRUEBA;EMPEORÓ;SE MANTUVO IGUAL / NO CAMBIO;CAMBIAR TODAS;MAURICIO MACRI;EMPLEO;MAURICIO MACRI;MUCHA;NI DE IZQUIERDA NI DE DERECHA;NI PERONISTA NI ANTI PERONISTA;ANTI KIRCHNERISTA;JOSE MANUEL DE LA SOTA;2
113;30-49;VARON;SECUNDARIO INCOMPLETO O COMPLETO;DANIEL SCIOLI;DANIEL SCIOLI;MAURICIO MACRI;APRUEBA;MEJORÓ;MEJORÓ;MANTENER ALGUNAS Y CAMBIAR OTRAS;SERGIO MASSA;ECONOMIA;DANIEL SCIOLI;POCA;MAS IZQUIERDA QUE DERECHA;NI PERONISTA NI ANTI PERONISTA;NI KIRCHNERISTA NI ANTI KIRCHNERISTA;OTROS;2
114;>65;MUJER;TERCIARIO NO UNIV. COMPLETO;SERGIO MASSA;SERGIO MASSA;NINGUNO / EN BLANCO;NO SABE;NO SABE;SE MANTUVO IGUAL / NO CAMBIO;MANTENER ALGUNAS Y CAMBIAR OTRAS;MAURICIO MACRI;ECONOMIA;NO SABE;BASTANTE;MAS IZQUIERDA QUE DERECHA;NI PERONISTA NI ANTI PERONISTA;NO SABE;JOSE MANUEL DE LA SOTA;3
115;>65;VARON;UNIVERSITARIO INCOMPLETO O COMPLETO;MARGARITA STOLBIZER;NINGUNO / EN BLANCO;MAURICIO MACRI;DESAPRUEBA;IGUAL;SE MANTUVO IGUAL / NO CAMBIO;MANTENER ALGUNAS Y CAMBIAR OTRAS;NINGUNO;ECONOMIA;DANIEL SCIOLI;POCA;TOTALMENTE DE IZQUIERDA;NI PERONISTA NI ANTI PERONISTA;NI KIRCHNERISTA NI ANTI KIRCHNERISTA;MARGARITA STOLBIZER;3
116;>65;VARON;SECUNDARIO INCOMPLETO O COMPLETO;MAURICIO MACRI;MAURICIO MACRI;DANIEL SCIOLI;NO SABE;IGUAL;SE MANTUVO IGUAL / NO CAMBIO;MANTENER ALGUNAS Y CAMBIAR OTRAS;MAURICIO MACRI;EMPLEO;MAURICIO MACRI;POCA;NO SABE;NI PERONISTA NI ANTI PERONISTA;NI KIRCHNERISTA NI ANTI KIRCHNERISTA;RODRIGUEZ SAA;2
117;>65;VARON;UNIVERSITARIO INCOMPLETO O COMPLETO;MAURICIO MACRI;MAURICIO MACRI;DANIEL SCIOLI;DESAPRUEBA;EMPEORÓ;SE MANTUVO IGUAL / NO CAMBIO;MANTENER ALGUNAS Y CAMBIAR OTRAS;MAURICIO MACRI;SEGURIDAD;MAURICIO MACRI;MUCHA;NI DE IZQUIERDA NI DE DERECHA;NI PERONISTA NI ANTI PERONISTA;ANTI KIRCHNERISTA;MAURICIO MACRI;3
118;50-65;MUJER;UNIVERSITARIO INCOMPLETO O COMPLETO;NO SABE;MAURICIO MACRI;DANIEL SCIOLI;NO SABE;NO SABE;EMPEORÓ;MANTENER ALGUNAS Y CAMBIAR OTRAS;NO SABE;EDUCACION, ASISTENCIA SOCIAL, SALUD;NO SABE;NO SABE;NO SABE;NO SABE;NO SABE;BLANCO / NO VOTO;3
119;50-65;MUJER;UNIVERSITARIO INCOMPLETO O COMPLETO;MAURICIO MACRI;MAURICIO MACRI;DANIEL SCIOLI;DESAPRUEBA;EMPEORÓ;EMPEORÓ;MANTENER ALGUNAS Y CAMBIAR OTRAS;MAURICIO MACRI;EDUCACION, ASISTENCIA SOCIAL, SALUD;MAURICIO MACRI;POCA;NI DE IZQUIERDA NI DE DERECHA;NI PERONISTA NI ANTI PERONISTA;ANTI KIRCHNERISTA;MAURICIO MACRI;3
120;>65;MUJER;PRIMARIO COMPLETO;SERGIO MASSA;NO SABE;DANIEL SCIOLI;DESAPRUEBA;EMPEORÓ;EMPEORÓ;MANTENER ALGUNAS Y CAMBIAR OTRAS;MAURICIO MACRI;RESPETO DE INSTITUCIONES;DANIEL SCIOLI;MUCHA;NI DE IZQUIERDA NI DE DERECHA;NI PERONISTA NI ANTI PERONISTA;ANTI KIRCHNERISTA;OTROS;1
121;18-29;VARON;SECUNDARIO INCOMPLETO O COMPLETO;MAURICIO MACRI;MAURICIO MACRI;NO SABE;NO SABE;MEJORÓ;SE MANTUVO IGUAL / NO CAMBIO;MANTENER ALGUNAS Y CAMBIAR OTRAS;MAURICIO MACRI;ECONOMIA;MAURICIO MACRI;POCA;NI DE IZQUIERDA NI DE DERECHA;NI PERONISTA NI ANTI PERONISTA;NI KIRCHNERISTA NI ANTI KIRCHNERISTA;RODRIGUEZ SAA;2
122;50-65;VARON;TERCIARIO NO UNIV. INCOMPLETO;MAURICIO MACRI;MAURICIO MACRI;DANIEL SCIOLI;DESAPRUEBA;EMPEORÓ;EMPEORÓ;MANTENER ALGUNAS Y CAMBIAR OTRAS;MAURICIO MACRI;ECONOMIA;MAURICIO MACRI;BASTANTE;MAS DE DERECHA QUE DE IZQUIERDA;NI PERONISTA NI ANTI PERONISTA;ANTI KIRCHNERISTA;MAURICIO MACRI;2
123;30-49;MUJER;UNIVERSITARIO INCOMPLETO O COMPLETO;DANIEL SCIOLI;DANIEL SCIOLI;MAURICIO MACRI;APRUEBA;IGUAL;MEJORÓ;MANTENER POLITICAS ACUTUALES;DANIEL SCIOLI;SEGURIDAD;DANIEL SCIOLI;BASTANTE;NI DE IZQUIERDA NI DE DERECHA;NI PERONISTA NI ANTI PERONISTA;KIRCHNERISTA;DANIEL SCIOLI;3
124;50-65;MUJER;SECUNDARIO INCOMPLETO O COMPLETO;SERGIO MASSA;SERGIO MASSA;NO SABE;DESAPRUEBA;EMPEORÓ;EMPEORÓ;NO SABE;SERGIO MASSA;SEGURIDAD;NO SABE;BASTANTE;NO SABE;NI PERONISTA NI ANTI PERONISTA;NI KIRCHNERISTA NI ANTI KIRCHNERISTA;SERGIO MASSA;2
125;18-29;VARON;PRIMARIO COMPLETO;NO SABE;NO SABE;NO SABE;NO SABE;NO SABE;NO SABE;NO SABE;NO SABE;NO SABE;NO SABE;NO SABE;NO SABE;NO SABE;NO SABE;RODRIGUEZ SAA;1
126;50-65;MUJER;TERCIARIO NO UNIV. COMPLETO;MAURICIO MACRI;MAURICIO MACRI;DANIEL SCIOLI;DESAPRUEBA;EMPEORÓ;EMPEORÓ;MANTENER ALGUNAS Y CAMBIAR OTRAS;MAURICIO MACRI;SEGURIDAD;NO SABE;MUCHA;NI DE IZQUIERDA NI DE DERECHA;NI PERONISTA NI ANTI PERONISTA;ANTI KIRCHNERISTA;MAURICIO MACRI;3
127;30-49;VARON;UNIVERSITARIO INCOMPLETO O COMPLETO;DANIEL SCIOLI;DANIEL SCIOLI;MAURICIO MACRI;APRUEBA;IGUAL;SE MANTUVO IGUAL / NO CAMBIO;MANTENER POLITICAS ACUTUALES;NINGUNO;ECONOMIA;DANIEL SCIOLI;POCA;NI DE IZQUIERDA NI DE DERECHA;NI PERONISTA NI ANTI PERONISTA;NI KIRCHNERISTA NI ANTI KIRCHNERISTA;RODRIGUEZ SAA;3
128;>65;MUJER;SECUNDARIO INCOMPLETO O COMPLETO;MAURICIO MACRI;MAURICIO MACRI;DANIEL SCIOLI;DESAPRUEBA;EMPEORÓ;SE MANTUVO IGUAL / NO CAMBIO;MANTENER ALGUNAS Y CAMBIAR OTRAS;MAURICIO MACRI;EDUCACION, ASISTENCIA SOCIAL, SALUD;MAURICIO MACRI;BASTANTE;NI DE IZQUIERDA NI DE DERECHA;ANTIPERONISTA;ANTI KIRCHNERISTA;MAURICIO MACRI;2
129;50-65;MUJER;TERCIARIO NO UNIV. INCOMPLETO;MAURICIO MACRI;SERGIO MASSA;DANIEL SCIOLI;DESAPRUEBA;EMPEORÓ;SE MANTUVO IGUAL / NO CAMBIO;CAMBIAR TODAS;SERGIO MASSA;RESPETO DE INSTITUCIONES;MAURICIO MACRI;BASTANTE;NI DE IZQUIERDA NI DE DERECHA;ANTIPERONISTA;ANTI KIRCHNERISTA;MARGARITA STOLBIZER;2
130;50-65;VARON;UNIVERSITARIO INCOMPLETO O COMPLETO;MAURICIO MACRI;MAURICIO MACRI;DANIEL SCIOLI;NO SABE;IGUAL;SE MANTUVO IGUAL / NO CAMBIO;NO SABE;MAURICIO MACRI;NO SABE;MAURICIO MACRI;MUCHA;NI DE IZQUIERDA NI DE DERECHA;NI PERONISTA NI ANTI PERONISTA;NI KIRCHNERISTA NI ANTI KIRCHNERISTA;RODRIGUEZ SAA;3
131;50-65;VARON;SECUNDARIO INCOMPLETO O COMPLETO;MAURICIO MACRI;MAURICIO MACRI;DANIEL SCIOLI;DESAPRUEBA;EMPEORÓ;EMPEORÓ;MANTENER ALGUNAS Y CAMBIAR OTRAS;MAURICIO MACRI;RESPETO DE INSTITUCIONES;MAURICIO MACRI;BASTANTE;NI DE IZQUIERDA NI DE DERECHA;NI PERONISTA NI ANTI PERONISTA;ANTI KIRCHNERISTA;MAURICIO MACRI;2
132;18-29;MUJER;UNIVERSITARIO INCOMPLETO O COMPLETO;SERGIO MASSA;SERGIO MASSA;DANIEL SCIOLI;DESAPRUEBA;EMPEORÓ;EMPEORÓ;MANTENER ALGUNAS Y CAMBIAR OTRAS;SERGIO MASSA;EDUCACION, ASISTENCIA SOCIAL, SALUD;SERGIO MASSA;BASTANTE;NO SABE;PERONISTA;NO SABE;JOSE MANUEL DE LA SOTA;3
133;30-49;MUJER;UNIVERSITARIO INCOMPLETO O COMPLETO;MAURICIO MACRI;MAURICIO MACRI;DANIEL SCIOLI;DESAPRUEBA;EMPEORÓ;EMPEORÓ;MANTENER ALGUNAS Y CAMBIAR OTRAS;MAURICIO MACRI;EMPLEO;NO SABE;POCA;NI DE IZQUIERDA NI DE DERECHA;NI PERONISTA NI ANTI PERONISTA;NI KIRCHNERISTA NI ANTI KIRCHNERISTA;MAURICIO MACRI;3
134;30-49;MUJER;TERCIARIO NO UNIV. INCOMPLETO;DANIEL SCIOLI;DANIEL SCIOLI;SERGIO MASSA;APRUEBA;MEJORÓ;SE MANTUVO IGUAL / NO CAMBIO;MANTENER ALGUNAS Y CAMBIAR OTRAS;DANIEL SCIOLI;EDUCACION, ASISTENCIA SOCIAL, SALUD;DANIEL SCIOLI;POCA;NI DE IZQUIERDA NI DE DERECHA;NI PERONISTA NI ANTI PERONISTA;NO SABE;DANIEL SCIOLI;2
135;18-29;VARON;UNIVERSITARIO INCOMPLETO O COMPLETO;MAURICIO MACRI;MAURICIO MACRI;DANIEL SCIOLI;DESAPRUEBA;EMPEORÓ;MEJORÓ;MANTENER ALGUNAS Y CAMBIAR OTRAS;SERGIO MASSA;ECONOMIA;DANIEL SCIOLI;POCA;NO SABE;NI PERONISTA NI ANTI PERONISTA;ANTI KIRCHNERISTA;JOSE MANUEL DE LA SOTA;3
136;50-65;VARON;UNIVERSITARIO INCOMPLETO O COMPLETO;DANIEL SCIOLI;DANIEL SCIOLI;NINGUNO / EN BLANCO;DESAPRUEBA;EMPEORÓ;SE MANTUVO IGUAL / NO CAMBIO;MANTENER ALGUNAS Y CAMBIAR OTRAS;DANIEL SCIOLI;EDUCACION, ASISTENCIA SOCIAL, SALUD;DANIEL SCIOLI;NINGUNA;NO SABE;PERONISTA;NI KIRCHNERISTA NI ANTI KIRCHNERISTA;DANIEL SCIOLI;3
137;>65;MUJER;TERCIARIO NO UNIV. COMPLETO;MAURICIO MACRI;MAURICIO MACRI;DANIEL SCIOLI;NO SABE;EMPEORÓ;EMPEORÓ;MANTENER ALGUNAS Y CAMBIAR OTRAS;MAURICIO MACRI;RESPETO DE INSTITUCIONES;NO SABE;MUCHA;MAS IZQUIERDA QUE DERECHA;NI PERONISTA NI ANTI PERONISTA;NI KIRCHNERISTA NI ANTI KIRCHNERISTA;MAURICIO MACRI;3
138;50-65;MUJER;SECUNDARIO INCOMPLETO O COMPLETO;MAURICIO MACRI;MAURICIO MACRI;DANIEL SCIOLI;DESAPRUEBA;EMPEORÓ;EMPEORÓ;CAMBIAR TODAS;MAURICIO MACRI;EDUCACION, ASISTENCIA SOCIAL, SALUD;MAURICIO MACRI;MUCHA;NI DE IZQUIERDA NI DE DERECHA;ANTIPERONISTA;ANTI KIRCHNERISTA;OTROS;2
139;50-65;VARON;SECUNDARIO INCOMPLETO O COMPLETO;ADOLFO RODRIGUEZ SAA;SERGIO MASSA;DANIEL SCIOLI;DESAPRUEBA;EMPEORÓ;SE MANTUVO IGUAL / NO CAMBIO;MANTENER ALGUNAS Y CAMBIAR OTRAS;SERGIO MASSA;SEGURIDAD;MAURICIO MACRI;MUCHA;NI DE IZQUIERDA NI DE DERECHA;NI PERONISTA NI ANTI PERONISTA;NI KIRCHNERISTA NI ANTI KIRCHNERISTA;JOSE MANUEL DE LA SOTA;2
140;50-65;VARON;UNIVERSITARIO INCOMPLETO O COMPLETO;NINGUNO / EN BLANCO;NINGUNO / EN BLANCO;DANIEL SCIOLI;DESAPRUEBA;IGUAL;SE MANTUVO IGUAL / NO CAMBIO;MANTENER ALGUNAS Y CAMBIAR OTRAS;SERGIO MASSA;RESPETO DE INSTITUCIONES;MAURICIO MACRI;BASTANTE;NI DE IZQUIERDA NI DE DERECHA;NI PERONISTA NI ANTI PERONISTA;NI KIRCHNERISTA NI ANTI KIRCHNERISTA;MARGARITA STOLBIZER;3
141;50-65;VARON;UNIVERSITARIO INCOMPLETO O COMPLETO;MAURICIO MACRI;MAURICIO MACRI;DANIEL SCIOLI;DESAPRUEBA;EMPEORÓ;EMPEORÓ;MANTENER ALGUNAS Y CAMBIAR OTRAS;MAURICIO MACRI;EDUCACION, ASISTENCIA SOCIAL, SALUD;MAURICIO MACRI;POCA;NI DE IZQUIERDA NI DE DERECHA;NI PERONISTA NI ANTI PERONISTA;NI KIRCHNERISTA NI ANTI KIRCHNERISTA;OTROS;3
142;50-65;VARON;SECUNDARIO INCOMPLETO O COMPLETO;MAURICIO MACRI;MAURICIO MACRI;DANIEL SCIOLI;DESAPRUEBA;EMPEORÓ;SE MANTUVO IGUAL / NO CAMBIO;MANTENER ALGUNAS Y CAMBIAR OTRAS;MAURICIO MACRI;RESPETO DE INSTITUCIONES;NO SABE;BASTANTE;NI DE IZQUIERDA NI DE DERECHA;NI PERONISTA NI ANTI PERONISTA;ANTI KIRCHNERISTA;MAURICIO MACRI;2
143;30-49;MUJER;UNIVERSITARIO INCOMPLETO O COMPLETO;MARGARITA STOLBIZER;DANIEL SCIOLI;MAURICIO MACRI;APRUEBA;IGUAL;EMPEORÓ;MANTENER ALGUNAS Y CAMBIAR OTRAS;DANIEL SCIOLI;EDUCACION, ASISTENCIA SOCIAL, SALUD;DANIEL SCIOLI;BASTANTE;MAS IZQUIERDA QUE DERECHA;NI PERONISTA NI ANTI PERONISTA;NI KIRCHNERISTA NI ANTI KIRCHNERISTA;MARGARITA STOLBIZER;3
144;50-65;VARON;SECUNDARIO INCOMPLETO O COMPLETO;MAURICIO MACRI;MAURICIO MACRI;DANIEL SCIOLI;NO SABE;IGUAL;SE MANTUVO IGUAL / NO CAMBIO;MANTENER ALGUNAS Y CAMBIAR OTRAS;MAURICIO MACRI;ECONOMIA;NO SABE;BASTANTE;NI DE IZQUIERDA NI DE DERECHA;NI PERONISTA NI ANTI PERONISTA;NI KIRCHNERISTA NI ANTI KIRCHNERISTA;OTROS;2
145;30-49;MUJER;SECUNDARIO INCOMPLETO O COMPLETO;SERGIO MASSA;SERGIO MASSA;DANIEL SCIOLI;DESAPRUEBA;IGUAL;EMPEORÓ;MANTENER ALGUNAS Y CAMBIAR OTRAS;SERGIO MASSA;ECONOMIA;SERGIO MASSA;BASTANTE;TOTALMENTE DE DERECHA;PERONISTA;NI KIRCHNERISTA NI ANTI KIRCHNERISTA;JOSE MANUEL DE LA SOTA;2
146;50-65;MUJER;SECUNDARIO INCOMPLETO O COMPLETO;SERGIO MASSA;SERGIO MASSA;DANIEL SCIOLI;APRUEBA;EMPEORÓ;EMPEORÓ;MANTENER ALGUNAS Y CAMBIAR OTRAS;SERGIO MASSA;ECONOMIA;SERGIO MASSA;BASTANTE;NI DE IZQUIERDA NI DE DERECHA;NI PERONISTA NI ANTI PERONISTA;NI KIRCHNERISTA NI ANTI KIRCHNERISTA;MAURICIO MACRI;2
147;>65;MUJER;TERCIARIO NO UNIV. INCOMPLETO;MAURICIO MACRI;MAURICIO MACRI;DANIEL SCIOLI;APRUEBA;EMPEORÓ;SE MANTUVO IGUAL / NO CAMBIO;CAMBIAR TODAS;MAURICIO MACRI;RESPETO DE INSTITUCIONES;MAURICIO MACRI;BASTANTE;NI DE IZQUIERDA NI DE DERECHA;ANTIPERONISTA;ANTI KIRCHNERISTA;OTROS;2
148;30-49;MUJER;UNIVERSITARIO INCOMPLETO O COMPLETO;MAURICIO MACRI;MAURICIO MACRI;DANIEL SCIOLI;DESAPRUEBA;EMPEORÓ;EMPEORÓ;MANTENER ALGUNAS Y CAMBIAR OTRAS;MAURICIO MACRI;NO SABE;DANIEL SCIOLI;BASTANTE;NI DE IZQUIERDA NI DE DERECHA;NI PERONISTA NI ANTI PERONISTA;NI KIRCHNERISTA NI ANTI KIRCHNERISTA;MAURICIO MACRI;3
149;30-49;MUJER;TERCIARIO NO UNIV. INCOMPLETO;MAURICIO MACRI;MAURICIO MACRI;DANIEL SCIOLI;DESAPRUEBA;EMPEORÓ;SE MANTUVO IGUAL / NO CAMBIO;CAMBIAR TODAS;MAURICIO MACRI;ECONOMIA;MAURICIO MACRI;MUCHA;NI DE IZQUIERDA NI DE DERECHA;NI PERONISTA NI ANTI PERONISTA;NI KIRCHNERISTA NI ANTI KIRCHNERISTA;SERGIO MASSA;2
150;50-65;MUJER;TERCIARIO NO UNIV. COMPLETO;MAURICIO MACRI;MAURICIO MACRI;DANIEL SCIOLI;DESAPRUEBA;EMPEORÓ;EMPEORÓ;MANTENER ALGUNAS Y CAMBIAR OTRAS;MAURICIO MACRI;SEGURIDAD;SERGIO MASSA; ;NI DE IZQUIERDA NI DE DERECHA;NI PERONISTA NI ANTI PERONISTA;NI KIRCHNERISTA NI ANTI KIRCHNERISTA;BLANCO / NO VOTO;3
151;50-65;MUJER;UNIVERSITARIO INCOMPLETO O COMPLETO;SERGIO MASSA;SERGIO MASSA;DANIEL SCIOLI;DESAPRUEBA;IGUAL;SE MANTUVO IGUAL / NO CAMBIO;MANTENER ALGUNAS Y CAMBIAR OTRAS;SERGIO MASSA;ECONOMIA;DANIEL SCIOLI;BASTANTE;NI DE IZQUIERDA NI DE DERECHA;NI PERONISTA NI ANTI PERONISTA;NI KIRCHNERISTA NI ANTI KIRCHNERISTA;RODRIGUEZ SAA;3
152;18-29;VARON;UNIVERSITARIO INCOMPLETO O COMPLETO;DANIEL SCIOLI;DANIEL SCIOLI;MAURICIO MACRI;APRUEBA;IGUAL;SE MANTUVO IGUAL / NO CAMBIO;MANTENER ALGUNAS Y CAMBIAR OTRAS;DANIEL SCIOLI;EMPLEO;DANIEL SCIOLI;POCA;NI DE IZQUIERDA NI DE DERECHA;NI PERONISTA NI ANTI PERONISTA;NI KIRCHNERISTA NI ANTI KIRCHNERISTA;DANIEL SCIOLI;3
153;>65;MUJER;SECUNDARIO INCOMPLETO O COMPLETO;MARGARITA STOLBIZER;SERGIO MASSA;DANIEL SCIOLI;DESAPRUEBA;EMPEORÓ;EMPEORÓ;MANTENER ALGUNAS Y CAMBIAR OTRAS;NO SABE;RESPETO DE INSTITUCIONES;NO SABE;BASTANTE;NI DE IZQUIERDA NI DE DERECHA;NI PERONISTA NI ANTI PERONISTA;NO SABE;JOSE MANUEL DE LA SOTA;2
154;50-65;VARON;PRIMARIO COMPLETO;MAURICIO MACRI;MAURICIO MACRI;DANIEL SCIOLI;DESAPRUEBA;EMPEORÓ;EMPEORÓ;CAMBIAR TODAS;MAURICIO MACRI;ECONOMIA;DANIEL SCIOLI;MUCHA;NI DE IZQUIERDA NI DE DERECHA;NI PERONISTA NI ANTI PERONISTA;NI KIRCHNERISTA NI ANTI KIRCHNERISTA;MAURICIO MACRI;1
155;50-65;MUJER;UNIVERSITARIO INCOMPLETO O COMPLETO;SERGIO MASSA;SERGIO MASSA;DANIEL SCIOLI;DESAPRUEBA;EMPEORÓ;SE MANTUVO IGUAL / NO CAMBIO;MANTENER ALGUNAS Y CAMBIAR OTRAS;SERGIO MASSA;EMPLEO;DANIEL SCIOLI;MUCHA;MAS DE DERECHA QUE DE IZQUIERDA;PERONISTA;NI KIRCHNERISTA NI ANTI KIRCHNERISTA;SERGIO MASSA;3
156;50-65;MUJER;UNIVERSITARIO INCOMPLETO O COMPLETO;DANIEL SCIOLI;DANIEL SCIOLI;MAURICIO MACRI;APRUEBA;IGUAL;MEJORÓ;MANTENER ALGUNAS Y CAMBIAR OTRAS;DANIEL SCIOLI;EDUCACION, ASISTENCIA SOCIAL, SALUD;DANIEL SCIOLI;NO SABE;NI DE IZQUIERDA NI DE DERECHA;NI PERONISTA NI ANTI PERONISTA;NI KIRCHNERISTA NI ANTI KIRCHNERISTA;DANIEL SCIOLI;3
157;50-65;MUJER;UNIVERSITARIO INCOMPLETO O COMPLETO;MAURICIO MACRI;MAURICIO MACRI;NO SABE;DESAPRUEBA;EMPEORÓ;SE MANTUVO IGUAL / NO CAMBIO;MANTENER ALGUNAS Y CAMBIAR OTRAS;SERGIO MASSA;EDUCACION, ASISTENCIA SOCIAL, SALUD;DANIEL SCIOLI;BASTANTE;NI DE IZQUIERDA NI DE DERECHA;NI PERONISTA NI ANTI PERONISTA;NI KIRCHNERISTA NI ANTI KIRCHNERISTA;JOSE MANUEL DE LA SOTA;3
158;30-49;VARON;UNIVERSITARIO INCOMPLETO O COMPLETO;DANIEL SCIOLI;DANIEL SCIOLI;MAURICIO MACRI;APRUEBA;MEJORÓ;MEJORÓ;MANTENER POLITICAS ACUTUALES;NINGUNO;ECONOMIA;DANIEL SCIOLI;NINGUNA;MAS IZQUIERDA QUE DERECHA;PERONISTA;KIRCHNERISTA;DANIEL SCIOLI;3
159;50-65;VARON;SECUNDARIO INCOMPLETO O COMPLETO;MAURICIO MACRI;MAURICIO MACRI;DANIEL SCIOLI;DESAPRUEBA;IGUAL;EMPEORÓ;NO SABE;MAURICIO MACRI;EDUCACION, ASISTENCIA SOCIAL, SALUD;MAURICIO MACRI;MUCHA;NO SABE;NI PERONISTA NI ANTI PERONISTA;NI KIRCHNERISTA NI ANTI KIRCHNERISTA;OTROS;2
160;30-49;MUJER;TERCIARIO NO UNIV. INCOMPLETO;MAURICIO MACRI;MAURICIO MACRI;DANIEL SCIOLI;DESAPRUEBA;EMPEORÓ;EMPEORÓ;MANTENER ALGUNAS Y CAMBIAR OTRAS;MAURICIO MACRI;EMPLEO;MAURICIO MACRI;MUCHA;NI DE IZQUIERDA NI DE DERECHA;NI PERONISTA NI ANTI PERONISTA;ANTI KIRCHNERISTA;JOSE MANUEL DE LA SOTA;2
161;50-65;MUJER;SECUNDARIO INCOMPLETO O COMPLETO;SERGIO MASSA;SERGIO MASSA;DANIEL SCIOLI;DESAPRUEBA;EMPEORÓ;SE MANTUVO IGUAL / NO CAMBIO;MANTENER ALGUNAS Y CAMBIAR OTRAS;MAURICIO MACRI;SEGURIDAD;NO SABE;MUCHA;NI DE IZQUIERDA NI DE DERECHA;PERONISTA;ANTI KIRCHNERISTA;SERGIO MASSA;2
162;50-65;MUJER;TERCIARIO NO UNIV. COMPLETO;DANIEL SCIOLI;DANIEL SCIOLI;MAURICIO MACRI;APRUEBA;MEJORÓ;MEJORÓ;MANTENER POLITICAS ACUTUALES;DANIEL SCIOLI;RESPETO DE INSTITUCIONES;DANIEL SCIOLI;POCA;NI DE IZQUIERDA NI DE DERECHA;NI PERONISTA NI ANTI PERONISTA;KIRCHNERISTA;DANIEL SCIOLI;3
163;>65;VARON;PRIMARIO COMPLETO;NINGUNO / EN BLANCO;NINGUNO / EN BLANCO;DANIEL SCIOLI;DESAPRUEBA;EMPEORÓ;EMPEORÓ;NO SABE;NO SABE;NO SABE;NO SABE;NO SABE;NO SABE;NO SABE;NO SABE;RODRIGUEZ SAA;1
164;18-29;MUJER;TERCIARIO NO UNIV. INCOMPLETO;DANIEL SCIOLI;DANIEL SCIOLI;MAURICIO MACRI;APRUEBA;MEJORÓ;MEJORÓ;MANTENER POLITICAS ACUTUALES;DANIEL SCIOLI;EDUCACION, ASISTENCIA SOCIAL, SALUD;DANIEL SCIOLI;BASTANTE;NI DE IZQUIERDA NI DE DERECHA;NI PERONISTA NI ANTI PERONISTA;NI KIRCHNERISTA NI ANTI KIRCHNERISTA;BLANCO / NO VOTO;2
165;30-49;VARON;TERCIARIO NO UNIV. INCOMPLETO;NINGUNO / EN BLANCO;NINGUNO / EN BLANCO;SERGIO MASSA;DESAPRUEBA;EMPEORÓ;EMPEORÓ;MANTENER ALGUNAS Y CAMBIAR OTRAS;MAURICIO MACRI;ECONOMIA;DANIEL SCIOLI;BASTANTE;NI DE IZQUIERDA NI DE DERECHA;NI PERONISTA NI ANTI PERONISTA;NI KIRCHNERISTA NI ANTI KIRCHNERISTA;MAURICIO MACRI;2
166;18-29;VARON;SECUNDARIO INCOMPLETO O COMPLETO;MAURICIO MACRI;MAURICIO MACRI;NO SABE;DESAPRUEBA;MEJORÓ;MEJORÓ;MANTENER ALGUNAS Y CAMBIAR OTRAS;MAURICIO MACRI;ECONOMIA;DANIEL SCIOLI;POCA;NI DE IZQUIERDA NI DE DERECHA;NI PERONISTA NI ANTI PERONISTA;NI KIRCHNERISTA NI ANTI KIRCHNERISTA;MAURICIO MACRI;2
167;>65;VARON;UNIVERSITARIO INCOMPLETO O COMPLETO;MAURICIO MACRI;MAURICIO MACRI;DANIEL SCIOLI;DESAPRUEBA;EMPEORÓ;SE MANTUVO IGUAL / NO CAMBIO;MANTENER ALGUNAS Y CAMBIAR OTRAS;MAURICIO MACRI;RESPETO DE INSTITUCIONES;NO SABE;POCA;NI DE IZQUIERDA NI DE DERECHA;NI PERONISTA NI ANTI PERONISTA;ANTI KIRCHNERISTA;MAURICIO MACRI;3
168;18-29;VARON;SECUNDARIO INCOMPLETO O COMPLETO;MARGARITA STOLBIZER;NINGUNO / EN BLANCO;NINGUNO / EN BLANCO;NO SABE;NO SABE;NO SABE;NO SABE;NINGUNO;NO SABE;NO SABE;NO SABE;NO SABE;NO SABE;NO SABE;RODRIGUEZ SAA;2
169;30-49;MUJER;PRIMARIO COMPLETO;NO SABE;DANIEL SCIOLI;NINGUNO / EN BLANCO;DESAPRUEBA;IGUAL;SE MANTUVO IGUAL / NO CAMBIO;NO SABE;NINGUNO;SEGURIDAD;DANIEL SCIOLI;POCA;NI DE IZQUIERDA NI DE DERECHA;PERONISTA;NI KIRCHNERISTA NI ANTI KIRCHNERISTA;MAURICIO MACRI;1
170;30-49;MUJER;UNIVERSITARIO INCOMPLETO O COMPLETO;MAURICIO MACRI;MAURICIO MACRI;DANIEL SCIOLI;DESAPRUEBA;EMPEORÓ;EMPEORÓ;MANTENER ALGUNAS Y CAMBIAR OTRAS;MAURICIO MACRI;RESPETO DE INSTITUCIONES;MAURICIO MACRI;MUCHA;NI DE IZQUIERDA NI DE DERECHA;NI PERONISTA NI ANTI PERONISTA;NI KIRCHNERISTA NI ANTI KIRCHNERISTA;MAURICIO MACRI;3
171;50-65;MUJER;TERCIARIO NO UNIV. INCOMPLETO;DANIEL SCIOLI;DANIEL SCIOLI;MAURICIO MACRI;APRUEBA;MEJORÓ;MEJORÓ;MANTENER POLITICAS ACUTUALES;DANIEL SCIOLI;ECONOMIA;DANIEL SCIOLI;NO SABE;MAS IZQUIERDA QUE DERECHA;PERONISTA;KIRCHNERISTA;DANIEL SCIOLI;2
172;50-65;VARON;SECUNDARIO INCOMPLETO O COMPLETO;MAURICIO MACRI;MAURICIO MACRI;DANIEL SCIOLI;DESAPRUEBA;EMPEORÓ;EMPEORÓ;MANTENER ALGUNAS Y CAMBIAR OTRAS;MAURICIO MACRI;SEGURIDAD;MAURICIO MACRI;MUCHA;NI DE IZQUIERDA NI DE DERECHA;NI PERONISTA NI ANTI PERONISTA;ANTI KIRCHNERISTA;OTROS;2
173;30-49;MUJER;TERCIARIO NO UNIV. INCOMPLETO;SERGIO MASSA;SERGIO MASSA;DANIEL SCIOLI;DESAPRUEBA;EMPEORÓ;EMPEORÓ;CAMBIAR TODAS;MAURICIO MACRI;EDUCACION, ASISTENCIA SOCIAL, SALUD;SERGIO MASSA;MUCHA;MAS DE DERECHA QUE DE IZQUIERDA;NI PERONISTA NI ANTI PERONISTA;ANTI KIRCHNERISTA;SERGIO MASSA;2
174;50-65;MUJER;SECUNDARIO INCOMPLETO O COMPLETO;SERGIO MASSA;SERGIO MASSA;DANIEL SCIOLI;DESAPRUEBA;EMPEORÓ;EMPEORÓ;MANTENER ALGUNAS Y CAMBIAR OTRAS;SERGIO MASSA;EDUCACION, ASISTENCIA SOCIAL, SALUD;SERGIO MASSA;BASTANTE;NI DE IZQUIERDA NI DE DERECHA;NI PERONISTA NI ANTI PERONISTA;ANTI KIRCHNERISTA;SERGIO MASSA;2
175;30-49;VARON;UNIVERSITARIO INCOMPLETO O COMPLETO;DANIEL SCIOLI;DANIEL SCIOLI;MAURICIO MACRI;APRUEBA;MEJORÓ;MEJORÓ;MANTENER POLITICAS ACUTUALES;DANIEL SCIOLI;EDUCACION, ASISTENCIA SOCIAL, SALUD;DANIEL SCIOLI;POCA;MAS IZQUIERDA QUE DERECHA;NO SABE;NO SABE;DANIEL SCIOLI;3
176;30-49;MUJER;UNIVERSITARIO INCOMPLETO O COMPLETO;MAURICIO MACRI;MAURICIO MACRI;DANIEL SCIOLI;DESAPRUEBA;EMPEORÓ;EMPEORÓ;CAMBIAR TODAS;MAURICIO MACRI;SEGURIDAD;MAURICIO MACRI;BASTANTE;NI DE IZQUIERDA NI DE DERECHA;NI PERONISTA NI ANTI PERONISTA;NI KIRCHNERISTA NI ANTI KIRCHNERISTA;MAURICIO MACRI;3
177;>65;MUJER;TERCIARIO NO UNIV. INCOMPLETO;SERGIO MASSA;SERGIO MASSA;DANIEL SCIOLI;APRUEBA;EMPEORÓ;SE MANTUVO IGUAL / NO CAMBIO;CAMBIAR TODAS;SERGIO MASSA;EDUCACION, ASISTENCIA SOCIAL, SALUD;SERGIO MASSA;MUCHA;NI DE IZQUIERDA NI DE DERECHA;NI PERONISTA NI ANTI PERONISTA;NI KIRCHNERISTA NI ANTI KIRCHNERISTA;RODRIGUEZ SAA;2
178;18-29;MUJER;UNIVERSITARIO INCOMPLETO O COMPLETO;DANIEL SCIOLI;DANIEL SCIOLI;MAURICIO MACRI;APRUEBA;MEJORÓ;MEJORÓ;MANTENER ALGUNAS Y CAMBIAR OTRAS;NINGUNO;EMPLEO;DANIEL SCIOLI;NINGUNA;NI DE IZQUIERDA NI DE DERECHA;NI PERONISTA NI ANTI PERONISTA;NI KIRCHNERISTA NI ANTI KIRCHNERISTA;DANIEL SCIOLI;3
179;18-29;MUJER;PRIMARIO COMPLETO;DANIEL SCIOLI;DANIEL SCIOLI;MAURICIO MACRI;APRUEBA;MEJORÓ;MEJORÓ;NO SABE;DANIEL SCIOLI;EMPLEO;DANIEL SCIOLI;MUCHA;NI DE IZQUIERDA NI DE DERECHA;NO SABE;NO SABE;OTROS;1
180;30-49;VARON;TERCIARIO NO UNIV. INCOMPLETO;DANIEL SCIOLI;DANIEL SCIOLI;MAURICIO MACRI;APRUEBA;IGUAL;MEJORÓ;MANTENER POLITICAS ACUTUALES;SERGIO MASSA;ECONOMIA;DANIEL SCIOLI;POCA;TOTALMENTE DE IZQUIERDA;NI PERONISTA NI ANTI PERONISTA;NI KIRCHNERISTA NI ANTI KIRCHNERISTA;DANIEL SCIOLI;2
181;50-65;MUJER;TERCIARIO NO UNIV. INCOMPLETO;MAURICIO MACRI;MAURICIO MACRI;DANIEL SCIOLI;DESAPRUEBA;EMPEORÓ;SE MANTUVO IGUAL / NO CAMBIO;MANTENER ALGUNAS Y CAMBIAR OTRAS;MAURICIO MACRI;ECONOMIA;MAURICIO MACRI;MUCHA;NI DE IZQUIERDA NI DE DERECHA;NI PERONISTA NI ANTI PERONISTA;ANTI KIRCHNERISTA;MAURICIO MACRI;2
182;30-49;MUJER;TERCIARIO NO UNIV. COMPLETO;DANIEL SCIOLI;DANIEL SCIOLI;MAURICIO MACRI;DESAPRUEBA;EMPEORÓ;SE MANTUVO IGUAL / NO CAMBIO;MANTENER ALGUNAS Y CAMBIAR OTRAS;DANIEL SCIOLI;EMPLEO;DANIEL SCIOLI;POCA;NI DE IZQUIERDA NI DE DERECHA;NI PERONISTA NI ANTI PERONISTA;NI KIRCHNERISTA NI ANTI KIRCHNERISTA;DANIEL SCIOLI;3
183;50-65;VARON;TERCIARIO NO UNIV. INCOMPLETO;MAURICIO MACRI;MAURICIO MACRI;DANIEL SCIOLI;DESAPRUEBA;EMPEORÓ;EMPEORÓ;CAMBIAR TODAS;MAURICIO MACRI;ECONOMIA;DANIEL SCIOLI;BASTANTE;NI DE IZQUIERDA NI DE DERECHA;NI PERONISTA NI ANTI PERONISTA;ANTI KIRCHNERISTA;MAURICIO MACRI;2
184;50-65;VARON;UNIVERSITARIO INCOMPLETO O COMPLETO;DANIEL SCIOLI;DANIEL SCIOLI;SERGIO MASSA;NO SABE; ;NO SABE;MANTENER ALGUNAS Y CAMBIAR OTRAS;NINGUNO;ECONOMIA;DANIEL SCIOLI;POCA;NO SABE;NI PERONISTA NI ANTI PERONISTA;NI KIRCHNERISTA NI ANTI KIRCHNERISTA;DANIEL SCIOLI;3
185;18-29;MUJER;UNIVERSITARIO INCOMPLETO O COMPLETO;DANIEL SCIOLI;DANIEL SCIOLI;MAURICIO MACRI;APRUEBA;EMPEORÓ;EMPEORÓ;MANTENER POLITICAS ACUTUALES;DANIEL SCIOLI;EDUCACION, ASISTENCIA SOCIAL, SALUD;DANIEL SCIOLI;BASTANTE;MAS IZQUIERDA QUE DERECHA;PERONISTA;KIRCHNERISTA;DANIEL SCIOLI;3
186;18-29;MUJER;UNIVERSITARIO INCOMPLETO O COMPLETO;MAURICIO MACRI;MAURICIO MACRI;DANIEL SCIOLI;DESAPRUEBA;EMPEORÓ;SE MANTUVO IGUAL / NO CAMBIO;MANTENER ALGUNAS Y CAMBIAR OTRAS;MAURICIO MACRI;NO SABE;MAURICIO MACRI;NO SABE;NI DE IZQUIERDA NI DE DERECHA;NI PERONISTA NI ANTI PERONISTA;ANTI KIRCHNERISTA;SERGIO MASSA;3
187;50-65;VARON;PRIMARIO COMPLETO;ADOLFO RODRIGUEZ SAA;SERGIO MASSA;MAURICIO MACRI;APRUEBA;IGUAL;NO SABE;NO SABE;SERGIO MASSA;NO SABE;NO SABE;NO SABE;NO SABE;NO SABE;NO SABE;OTROS;1
188;50-65;MUJER;SECUNDARIO INCOMPLETO O COMPLETO;MAURICIO MACRI;MAURICIO MACRI;DANIEL SCIOLI;DESAPRUEBA;EMPEORÓ;EMPEORÓ;CAMBIAR TODAS;NINGUNO;NO SABE;NO SABE;MUCHA;NI DE IZQUIERDA NI DE DERECHA;NI PERONISTA NI ANTI PERONISTA;NI KIRCHNERISTA NI ANTI KIRCHNERISTA;MAURICIO MACRI;2
189;50-65;MUJER;PRIMARIO COMPLETO;MAURICIO MACRI;MAURICIO MACRI;DANIEL SCIOLI;DESAPRUEBA;EMPEORÓ;EMPEORÓ;MANTENER ALGUNAS Y CAMBIAR OTRAS;MAURICIO MACRI;ECONOMIA;MAURICIO MACRI;BASTANTE;NI DE IZQUIERDA NI DE DERECHA;NI PERONISTA NI ANTI PERONISTA;NI KIRCHNERISTA NI ANTI KIRCHNERISTA;MAURICIO MACRI;1
190;18-29;VARON;UNIVERSITARIO INCOMPLETO O COMPLETO;NO SABE;MAURICIO MACRI;DANIEL SCIOLI;DESAPRUEBA;EMPEORÓ;MEJORÓ;MANTENER ALGUNAS Y CAMBIAR OTRAS;MAURICIO MACRI;NO SABE;MAURICIO MACRI;NINGUNA;MAS DE DERECHA QUE DE IZQUIERDA;NO SABE;ANTI KIRCHNERISTA;DANIEL SCIOLI;3
191;50-65;VARON;TERCIARIO NO UNIV. COMPLETO;DANIEL SCIOLI;DANIEL SCIOLI;MAURICIO MACRI;APRUEBA;IGUAL;SE MANTUVO IGUAL / NO CAMBIO;MANTENER ALGUNAS Y CAMBIAR OTRAS;DANIEL SCIOLI;ECONOMIA;DANIEL SCIOLI;POCA;MAS IZQUIERDA QUE DERECHA;NI PERONISTA NI ANTI PERONISTA;NI KIRCHNERISTA NI ANTI KIRCHNERISTA;OTROS;3
192;>65;VARON;PRIMARIO COMPLETO;MARGARITA STOLBIZER;NINGUNO / EN BLANCO;DANIEL SCIOLI;DESAPRUEBA;MEJORÓ;EMPEORÓ;MANTENER ALGUNAS Y CAMBIAR OTRAS;NINGUNO;EDUCACION, ASISTENCIA SOCIAL, SALUD;NO SABE;BASTANTE;MAS IZQUIERDA QUE DERECHA;NI PERONISTA NI ANTI PERONISTA;NI KIRCHNERISTA NI ANTI KIRCHNERISTA;MARGARITA STOLBIZER;1
193;50-65;VARON;UNIVERSITARIO INCOMPLETO O COMPLETO;DANIEL SCIOLI;DANIEL SCIOLI;MAURICIO MACRI;APRUEBA;MEJORÓ;MEJORÓ;MANTENER ALGUNAS Y CAMBIAR OTRAS;DANIEL SCIOLI;ECONOMIA;DANIEL SCIOLI;MUCHA;TOTALMENTE DE IZQUIERDA;NI PERONISTA NI ANTI PERONISTA;KIRCHNERISTA;DANIEL SCIOLI;3
194;30-49;VARON;UNIVERSITARIO INCOMPLETO O COMPLETO;MAURICIO MACRI;MAURICIO MACRI;DANIEL SCIOLI;DESAPRUEBA;EMPEORÓ;EMPEORÓ;MANTENER ALGUNAS Y CAMBIAR OTRAS;MAURICIO MACRI;SEGURIDAD;MAURICIO MACRI;BASTANTE;NI DE IZQUIERDA NI DE DERECHA;ANTIPERONISTA;ANTI KIRCHNERISTA;MAURICIO MACRI;3
195;50-65;VARON;UNIVERSITARIO INCOMPLETO O COMPLETO;DANIEL SCIOLI;DANIEL SCIOLI;MAURICIO MACRI;APRUEBA;IGUAL;MEJORÓ;MANTENER ALGUNAS Y CAMBIAR OTRAS;SERGIO MASSA;EDUCACION, ASISTENCIA SOCIAL, SALUD;NO SABE;NINGUNA;MAS IZQUIERDA QUE DERECHA;PERONISTA;KIRCHNERISTA;DANIEL SCIOLI;3
196;30-49;MUJER;SECUNDARIO INCOMPLETO O COMPLETO;SERGIO MASSA;MAURICIO MACRI;DANIEL SCIOLI;DESAPRUEBA;EMPEORÓ;EMPEORÓ;MANTENER ALGUNAS Y CAMBIAR OTRAS;DANIEL SCIOLI;EDUCACION, ASISTENCIA SOCIAL, SALUD;NO SABE;MUCHA;NI DE IZQUIERDA NI DE DERECHA;PERONISTA;ANTI KIRCHNERISTA;SERGIO MASSA;2
197;30-49;MUJER;TERCIARIO NO UNIV. COMPLETO;MAURICIO MACRI;MAURICIO MACRI;DANIEL SCIOLI;DESAPRUEBA;IGUAL;SE MANTUVO IGUAL / NO CAMBIO;MANTENER ALGUNAS Y CAMBIAR OTRAS;MAURICIO MACRI;RESPETO DE INSTITUCIONES;MAURICIO MACRI;BASTANTE;NI DE IZQUIERDA NI DE DERECHA;NI PERONISTA NI ANTI PERONISTA;NI KIRCHNERISTA NI ANTI KIRCHNERISTA;JOSE MANUEL DE LA SOTA;3
198;30-49;MUJER;UNIVERSITARIO INCOMPLETO O COMPLETO;DANIEL SCIOLI;DANIEL SCIOLI;MAURICIO MACRI;APRUEBA;MEJORÓ;MEJORÓ;MANTENER POLITICAS ACUTUALES;NO SABE;EDUCACION, ASISTENCIA SOCIAL, SALUD;DANIEL SCIOLI;POCA;MAS IZQUIERDA QUE DERECHA;PERONISTA;KIRCHNERISTA;DANIEL SCIOLI;3
199;30-49;VARON;TERCIARIO NO UNIV. INCOMPLETO;NO SABE;NO SABE;NO SABE;NO SABE;NO SABE;NO SABE;NO SABE;NO SABE;NO SABE;NO SABE;NO SABE;NO SABE;NO SABE;NO SABE;OTROS;2
200;50-65;MUJER;SECUNDARIO INCOMPLETO O COMPLETO;DANIEL SCIOLI;DANIEL SCIOLI;SERGIO MASSA;APRUEBA;IGUAL;SE MANTUVO IGUAL / NO CAMBIO;MANTENER ALGUNAS Y CAMBIAR OTRAS;NINGUNO;SEGURIDAD;DANIEL SCIOLI;POCA;NI DE IZQUIERDA NI DE DERECHA;NI PERONISTA NI ANTI PERONISTA;NI KIRCHNERISTA NI ANTI KIRCHNERISTA;BLANCO / NO VOTO;2
201;50-65;VARON;UNIVERSITARIO INCOMPLETO O COMPLETO;MAURICIO MACRI;MAURICIO MACRI;DANIEL SCIOLI;DESAPRUEBA;IGUAL;SE MANTUVO IGUAL / NO CAMBIO;MANTENER ALGUNAS Y CAMBIAR OTRAS;MAURICIO MACRI;RESPETO DE INSTITUCIONES;DANIEL SCIOLI;BASTANTE;NI DE IZQUIERDA NI DE DERECHA;NI PERONISTA NI ANTI PERONISTA;NI KIRCHNERISTA NI ANTI KIRCHNERISTA;OTROS;3
202;50-65;MUJER;UNIVERSITARIO INCOMPLETO O COMPLETO;MAURICIO MACRI;MAURICIO MACRI;DANIEL SCIOLI;DESAPRUEBA;EMPEORÓ;EMPEORÓ;MANTENER ALGUNAS Y CAMBIAR OTRAS;MAURICIO MACRI;SEGURIDAD;MAURICIO MACRI;MUCHA;NI DE IZQUIERDA NI DE DERECHA;PERONISTA;ANTI KIRCHNERISTA;MAURICIO MACRI;3
203;50-65;VARON;PRIMARIO COMPLETO;ADOLFO RODRIGUEZ SAA;SERGIO MASSA;MAURICIO MACRI;APRUEBA;IGUAL;NO SABE;NO SABE;SERGIO MASSA;NO SABE;NO SABE;NO SABE;NO SABE;NO SABE;NO SABE;OTROS;1
204;30-49;MUJER;TERCIARIO NO UNIV. COMPLETO;DANIEL SCIOLI;DANIEL SCIOLI;MAURICIO MACRI;APRUEBA; ;MEJORÓ;MANTENER POLITICAS ACUTUALES;DANIEL SCIOLI;EDUCACION, ASISTENCIA SOCIAL, SALUD;DANIEL SCIOLI;BASTANTE;TOTALMENTE DE IZQUIERDA;ANTIPERONISTA;NI KIRCHNERISTA NI ANTI KIRCHNERISTA;BLANCO / NO VOTO;3
205;>65;VARON;SECUNDARIO INCOMPLETO O COMPLETO;MAURICIO MACRI;MAURICIO MACRI;DANIEL SCIOLI;DESAPRUEBA;EMPEORÓ;EMPEORÓ;MANTENER ALGUNAS Y CAMBIAR OTRAS;MAURICIO MACRI;RESPETO DE INSTITUCIONES;MAURICIO MACRI;BASTANTE;NI DE IZQUIERDA NI DE DERECHA;NI PERONISTA NI ANTI PERONISTA;ANTI KIRCHNERISTA;MAURICIO MACRI;2
206;50-65;VARON;UNIVERSITARIO INCOMPLETO O COMPLETO;MAURICIO MACRI;MAURICIO MACRI;DANIEL SCIOLI;DESAPRUEBA;EMPEORÓ;SE MANTUVO IGUAL / NO CAMBIO;MANTENER ALGUNAS Y CAMBIAR OTRAS;MAURICIO MACRI;RESPETO DE INSTITUCIONES;DANIEL SCIOLI;MUCHA;NI DE IZQUIERDA NI DE DERECHA;PERONISTA;ANTI KIRCHNERISTA;MAURICIO MACRI;3
207;>65;MUJER;SECUNDARIO INCOMPLETO O COMPLETO;MAURICIO MACRI;MAURICIO MACRI;DANIEL SCIOLI;DESAPRUEBA;EMPEORÓ;EMPEORÓ;MANTENER ALGUNAS Y CAMBIAR OTRAS;MAURICIO MACRI;RESPETO DE INSTITUCIONES;MAURICIO MACRI;BASTANTE;NI DE IZQUIERDA NI DE DERECHA;NI PERONISTA NI ANTI PERONISTA;NI KIRCHNERISTA NI ANTI KIRCHNERISTA;MAURICIO MACRI;2
208;30-49;MUJER;TERCIARIO NO UNIV. INCOMPLETO;DANIEL SCIOLI;DANIEL SCIOLI;MAURICIO MACRI;APRUEBA;MEJORÓ;MEJORÓ;MANTENER POLITICAS ACUTUALES;DANIEL SCIOLI;ECONOMIA;DANIEL SCIOLI;BASTANTE;NI DE IZQUIERDA NI DE DERECHA;NI PERONISTA NI ANTI PERONISTA;NI KIRCHNERISTA NI ANTI KIRCHNERISTA;DANIEL SCIOLI;2
209;30-49;VARON;UNIVERSITARIO INCOMPLETO O COMPLETO;MAURICIO MACRI;MAURICIO MACRI;DANIEL SCIOLI;DESAPRUEBA;EMPEORÓ;EMPEORÓ;MANTENER ALGUNAS Y CAMBIAR OTRAS;MAURICIO MACRI;EDUCACION, ASISTENCIA SOCIAL, SALUD;NO SABE;MUCHA;MAS DE DERECHA QUE DE IZQUIERDA;NI PERONISTA NI ANTI PERONISTA;ANTI KIRCHNERISTA;MAURICIO MACRI;3
210;50-65;MUJER;UNIVERSITARIO INCOMPLETO O COMPLETO;MAURICIO MACRI;MAURICIO MACRI;DANIEL SCIOLI;DESAPRUEBA;EMPEORÓ;EMPEORÓ;CAMBIAR TODAS;MAURICIO MACRI;NO SABE;MAURICIO MACRI;MUCHA;MAS DE DERECHA QUE DE IZQUIERDA;ANTIPERONISTA;ANTI KIRCHNERISTA;MAURICIO MACRI;3
211;>65;VARON;UNIVERSITARIO INCOMPLETO O COMPLETO;SERGIO MASSA;NO SABE;MAURICIO MACRI;DESAPRUEBA;IGUAL;EMPEORÓ;MANTENER ALGUNAS Y CAMBIAR OTRAS;SERGIO MASSA;NO SABE;DANIEL SCIOLI;BASTANTE;NI DE IZQUIERDA NI DE DERECHA;NI PERONISTA NI ANTI PERONISTA;NI KIRCHNERISTA NI ANTI KIRCHNERISTA;JOSE MANUEL DE LA SOTA;3
212;50-65;VARON;SECUNDARIO INCOMPLETO O COMPLETO;MAURICIO MACRI;MAURICIO MACRI;DANIEL SCIOLI;DESAPRUEBA;EMPEORÓ;EMPEORÓ;CAMBIAR TODAS;MAURICIO MACRI;SEGURIDAD;MAURICIO MACRI;MUCHA;NI DE IZQUIERDA NI DE DERECHA;PERONISTA;ANTI KIRCHNERISTA;JOSE MANUEL DE LA SOTA;2
213;30-49;MUJER;UNIVERSITARIO INCOMPLETO O COMPLETO;MAURICIO MACRI;MAURICIO MACRI;DANIEL SCIOLI;DESAPRUEBA;EMPEORÓ;EMPEORÓ;MANTENER ALGUNAS Y CAMBIAR OTRAS;MAURICIO MACRI;EDUCACION, ASISTENCIA SOCIAL, SALUD;MAURICIO MACRI;NO SABE;NI DE IZQUIERDA NI DE DERECHA;NI PERONISTA NI ANTI PERONISTA;NO SABE;RODRIGUEZ SAA;3
214;18-29;MUJER;PRIMARIO COMPLETO;DANIEL SCIOLI;DANIEL SCIOLI;MAURICIO MACRI;APRUEBA;MEJORÓ;MEJORÓ;NO SABE;DANIEL SCIOLI;EMPLEO;DANIEL SCIOLI;MUCHA;NI DE IZQUIERDA NI DE DERECHA;NO SABE;NO SABE;OTROS;1
215;>65;VARON;PRIMARIO COMPLETO;NINGUNO / EN BLANCO;NINGUNO / EN BLANCO;NINGUNO / EN BLANCO;NO SABE;NO SABE;NO SABE;NO SABE;NO SABE;NO SABE;NO SABE;NO SABE;NO SABE;NO SABE;NO SABE;RODRIGUEZ SAA;1
216;50-65;MUJER;TERCIARIO NO UNIV. INCOMPLETO;MAURICIO MACRI;MAURICIO MACRI;DANIEL SCIOLI;DESAPRUEBA;IGUAL;SE MANTUVO IGUAL / NO CAMBIO;MANTENER ALGUNAS Y CAMBIAR OTRAS;NO SABE;EDUCACION, ASISTENCIA SOCIAL, SALUD;DANIEL SCIOLI;MUCHA;NI DE IZQUIERDA NI DE DERECHA;NI PERONISTA NI ANTI PERONISTA;NI KIRCHNERISTA NI ANTI KIRCHNERISTA;MAURICIO MACRI;2
217;18-29;MUJER;UNIVERSITARIO INCOMPLETO O COMPLETO;MAURICIO MACRI;MAURICIO MACRI;DANIEL SCIOLI;DESAPRUEBA;EMPEORÓ;EMPEORÓ;MANTENER ALGUNAS Y CAMBIAR OTRAS;MAURICIO MACRI;RESPETO DE INSTITUCIONES;MAURICIO MACRI;MUCHA;NI DE IZQUIERDA NI DE DERECHA;NI PERONISTA NI ANTI PERONISTA;ANTI KIRCHNERISTA;MAURICIO MACRI;3
218;>65;MUJER;TERCIARIO NO UNIV. COMPLETO;MAURICIO MACRI;MAURICIO MACRI;DANIEL SCIOLI;DESAPRUEBA;IGUAL;EMPEORÓ;MANTENER ALGUNAS Y CAMBIAR OTRAS;MAURICIO MACRI;EDUCACION, ASISTENCIA SOCIAL, SALUD;DANIEL SCIOLI;MUCHA;NI DE IZQUIERDA NI DE DERECHA;ANTIPERONISTA;ANTI KIRCHNERISTA;MAURICIO MACRI;3
219;30-49;MUJER;PRIMARIO COMPLETO;NO SABE;DANIEL SCIOLI;NINGUNO / EN BLANCO;DESAPRUEBA;IGUAL;SE MANTUVO IGUAL / NO CAMBIO;NO SABE;NINGUNO;SEGURIDAD;DANIEL SCIOLI;POCA;NI DE IZQUIERDA NI DE DERECHA;PERONISTA;NI KIRCHNERISTA NI ANTI KIRCHNERISTA;MAURICIO MACRI;1
220;50-65;MUJER;TERCIARIO NO UNIV. INCOMPLETO;MAURICIO MACRI;MAURICIO MACRI;DANIEL SCIOLI;NO SABE;EMPEORÓ;EMPEORÓ;CAMBIAR TODAS;MAURICIO MACRI;RESPETO DE INSTITUCIONES;MAURICIO MACRI;MUCHA;NI DE IZQUIERDA NI DE DERECHA;ANTIPERONISTA;ANTI KIRCHNERISTA;OTROS;2
221;50-65;VARON;UNIVERSITARIO INCOMPLETO O COMPLETO;DANIEL SCIOLI;DANIEL SCIOLI;MAURICIO MACRI;APRUEBA;MEJORÓ;MEJORÓ;MANTENER POLITICAS ACUTUALES;DANIEL SCIOLI;EDUCACION, ASISTENCIA SOCIAL, SALUD;DANIEL SCIOLI;BASTANTE;MAS IZQUIERDA QUE DERECHA;NI PERONISTA NI ANTI PERONISTA;KIRCHNERISTA;DANIEL SCIOLI;3
222;>65;VARON;UNIVERSITARIO INCOMPLETO O COMPLETO;DANIEL SCIOLI;DANIEL SCIOLI;MAURICIO MACRI;APRUEBA;MEJORÓ;MEJORÓ;MANTENER POLITICAS ACUTUALES;DANIEL SCIOLI;SEGURIDAD;DANIEL SCIOLI;MUCHA;MAS IZQUIERDA QUE DERECHA;PERONISTA;KIRCHNERISTA;DANIEL SCIOLI;3
223;30-49;VARON;TERCIARIO NO UNIV. COMPLETO;MAURICIO MACRI;NINGUNO / EN BLANCO;NINGUNO / EN BLANCO;DESAPRUEBA;EMPEORÓ;SE MANTUVO IGUAL / NO CAMBIO;MANTENER ALGUNAS Y CAMBIAR OTRAS;MAURICIO MACRI;EDUCACION, ASISTENCIA SOCIAL, SALUD;MAURICIO MACRI;NO SABE;NI DE IZQUIERDA NI DE DERECHA;NI PERONISTA NI ANTI PERONISTA;NI KIRCHNERISTA NI ANTI KIRCHNERISTA;MAURICIO MACRI;3
224;30-49;MUJER;SECUNDARIO INCOMPLETO O COMPLETO;NINGUNO / EN BLANCO;NO SABE;NO SABE;APRUEBA;IGUAL;SE MANTUVO IGUAL / NO CAMBIO;MANTENER ALGUNAS Y CAMBIAR OTRAS;NO SABE;EDUCACION, ASISTENCIA SOCIAL, SALUD;NO SABE;POCA;NO SABE;NO SABE;NO SABE;DANIEL SCIOLI;2
225;18-29;VARON;SECUNDARIO INCOMPLETO O COMPLETO;MAURICIO MACRI;MAURICIO MACRI;SERGIO MASSA;DESAPRUEBA;EMPEORÓ;EMPEORÓ;MANTENER ALGUNAS Y CAMBIAR OTRAS;MAURICIO MACRI;SEGURIDAD;DANIEL SCIOLI;BASTANTE;NI DE IZQUIERDA NI DE DERECHA;NO SABE;NI KIRCHNERISTA NI ANTI KIRCHNERISTA;SERGIO MASSA;2
226;>65;VARON;PRIMARIO COMPLETO;ADOLFO RODRIGUEZ SAA;NO SABE;NO SABE;NO SABE;NO SABE;NO SABE;MANTENER ALGUNAS Y CAMBIAR OTRAS;NO SABE;ECONOMIA;NO SABE;NO SABE;NI DE IZQUIERDA NI DE DERECHA;NI PERONISTA NI ANTI PERONISTA;NI KIRCHNERISTA NI ANTI KIRCHNERISTA;BLANCO / NO VOTO;1
227;50-65;MUJER;PRIMARIO COMPLETO;MAURICIO MACRI;MAURICIO MACRI;DANIEL SCIOLI;DESAPRUEBA;EMPEORÓ;EMPEORÓ;MANTENER ALGUNAS Y CAMBIAR OTRAS;MAURICIO MACRI;ECONOMIA;MAURICIO MACRI;BASTANTE;NI DE IZQUIERDA NI DE DERECHA;NI PERONISTA NI ANTI PERONISTA;NI KIRCHNERISTA NI ANTI KIRCHNERISTA;MAURICIO MACRI;1
228;50-65;MUJER;TERCIARIO NO UNIV. INCOMPLETO;MAURICIO MACRI;MAURICIO MACRI;NO SABE;DESAPRUEBA;EMPEORÓ;EMPEORÓ;MANTENER ALGUNAS Y CAMBIAR OTRAS;NO SABE;ECONOMIA;DANIEL SCIOLI;BASTANTE;NI DE IZQUIERDA NI DE DERECHA;NI PERONISTA NI ANTI PERONISTA;ANTI KIRCHNERISTA;JOSE MANUEL DE LA SOTA;2
229;30-49;VARON;TERCIARIO NO UNIV. COMPLETO;DANIEL SCIOLI;DANIEL SCIOLI;MAURICIO MACRI;APRUEBA;MEJORÓ;MEJORÓ;MANTENER POLITICAS ACUTUALES;DANIEL SCIOLI;EDUCACION, ASISTENCIA SOCIAL, SALUD;DANIEL SCIOLI;POCA;NI DE IZQUIERDA NI DE DERECHA;NI PERONISTA NI ANTI PERONISTA;NI KIRCHNERISTA NI ANTI KIRCHNERISTA;DANIEL SCIOLI;3
230;50-65;MUJER;SECUNDARIO INCOMPLETO O COMPLETO;SERGIO MASSA;SERGIO MASSA;DANIEL SCIOLI;DESAPRUEBA;EMPEORÓ;EMPEORÓ;CAMBIAR TODAS;SERGIO MASSA;RESPETO DE INSTITUCIONES;MAURICIO MACRI;BASTANTE;NI DE IZQUIERDA NI DE DERECHA;ANTIPERONISTA;ANTI KIRCHNERISTA;SERGIO MASSA;2
231;>65;MUJER;PRIMARIO COMPLETO;DANIEL SCIOLI;MAURICIO MACRI;DANIEL SCIOLI;DESAPRUEBA;EMPEORÓ;MEJORÓ;MANTENER POLITICAS ACUTUALES;MAURICIO MACRI;SEGURIDAD;SERGIO MASSA;NINGUNA;TOTALMENTE DE DERECHA;PERONISTA;KIRCHNERISTA;MAURICIO MACRI;1
232;30-49;MUJER;TERCIARIO NO UNIV. INCOMPLETO;MAURICIO MACRI;MAURICIO MACRI;DANIEL SCIOLI;DESAPRUEBA;EMPEORÓ;EMPEORÓ;MANTENER ALGUNAS Y CAMBIAR OTRAS;MAURICIO MACRI;EMPLEO;DANIEL SCIOLI;BASTANTE;NI DE IZQUIERDA NI DE DERECHA;NI PERONISTA NI ANTI PERONISTA;NI KIRCHNERISTA NI ANTI KIRCHNERISTA;JOSE MANUEL DE LA SOTA;2
233;>65;MUJER;UNIVERSITARIO INCOMPLETO O COMPLETO;SERGIO MASSA;SERGIO MASSA;DANIEL SCIOLI;DESAPRUEBA;EMPEORÓ;SE MANTUVO IGUAL / NO CAMBIO;MANTENER ALGUNAS Y CAMBIAR OTRAS;SERGIO MASSA;RESPETO DE INSTITUCIONES;SERGIO MASSA;MUCHA;NI DE IZQUIERDA NI DE DERECHA;NI PERONISTA NI ANTI PERONISTA;ANTI KIRCHNERISTA;SERGIO MASSA;3
234;50-65;VARON;SECUNDARIO INCOMPLETO O COMPLETO;SERGIO MASSA;SERGIO MASSA;DANIEL SCIOLI;DESAPRUEBA;EMPEORÓ;EMPEORÓ;MANTENER ALGUNAS Y CAMBIAR OTRAS;SERGIO MASSA;ECONOMIA;SERGIO MASSA;NINGUNA;NI DE IZQUIERDA NI DE DERECHA;NI PERONISTA NI ANTI PERONISTA;NI KIRCHNERISTA NI ANTI KIRCHNERISTA;SERGIO MASSA;2
235;18-29;VARON;PRIMARIO COMPLETO;MAURICIO MACRI;MAURICIO MACRI;DANIEL SCIOLI;DESAPRUEBA;EMPEORÓ;EMPEORÓ;CAMBIAR TODAS;MAURICIO MACRI;ECONOMIA;MAURICIO MACRI;MUCHA;NI DE IZQUIERDA NI DE DERECHA;NI PERONISTA NI ANTI PERONISTA;NI KIRCHNERISTA NI ANTI KIRCHNERISTA;MAURICIO MACRI;1
236;>65;MUJER;UNIVERSITARIO INCOMPLETO O COMPLETO;DANIEL SCIOLI;DANIEL SCIOLI;DANIEL SCIOLI;APRUEBA;MEJORÓ;MEJORÓ;MANTENER POLITICAS ACUTUALES;DANIEL SCIOLI;EDUCACION, ASISTENCIA SOCIAL, SALUD;DANIEL SCIOLI;POCA;MAS IZQUIERDA QUE DERECHA;NI PERONISTA NI ANTI PERONISTA;KIRCHNERISTA;DANIEL SCIOLI;3
237;50-65;VARON;SECUNDARIO INCOMPLETO O COMPLETO;NINGUNO / EN BLANCO;NINGUNO / EN BLANCO;NINGUNO / EN BLANCO;DESAPRUEBA;EMPEORÓ;EMPEORÓ;CAMBIAR TODAS;NINGUNO;EDUCACION, ASISTENCIA SOCIAL, SALUD;MAURICIO MACRI;BASTANTE;NI DE IZQUIERDA NI DE DERECHA;NI PERONISTA NI ANTI PERONISTA;NI KIRCHNERISTA NI ANTI KIRCHNERISTA;JOSE MANUEL DE LA SOTA;2
238;18-29;MUJER;SECUNDARIO INCOMPLETO O COMPLETO;MAURICIO MACRI;MAURICIO MACRI;DANIEL SCIOLI;DESAPRUEBA;IGUAL;EMPEORÓ;MANTENER ALGUNAS Y CAMBIAR OTRAS;MAURICIO MACRI;SEGURIDAD;MAURICIO MACRI;POCA;NI DE IZQUIERDA NI DE DERECHA;NI PERONISTA NI ANTI PERONISTA;ANTI KIRCHNERISTA;SERGIO MASSA;2
239;>65;VARON;PRIMARIO COMPLETO;SERGIO MASSA;SERGIO MASSA;DANIEL SCIOLI;DESAPRUEBA;EMPEORÓ;EMPEORÓ;MANTENER ALGUNAS Y CAMBIAR OTRAS;SERGIO MASSA;RESPETO DE INSTITUCIONES;SERGIO MASSA;MUCHA;NI DE IZQUIERDA NI DE DERECHA;PERONISTA;ANTI KIRCHNERISTA;SERGIO MASSA;1
240;18-29;VARON;UNIVERSITARIO INCOMPLETO O COMPLETO;MAURICIO MACRI;MAURICIO MACRI;DANIEL SCIOLI;DESAPRUEBA;EMPEORÓ;SE MANTUVO IGUAL / NO CAMBIO;MANTENER ALGUNAS Y CAMBIAR OTRAS;MAURICIO MACRI;EDUCACION, ASISTENCIA SOCIAL, SALUD;MAURICIO MACRI;MUCHA;NI DE IZQUIERDA NI DE DERECHA;PERONISTA;ANTI KIRCHNERISTA;MAURICIO MACRI;3
241;50-65;MUJER;SECUNDARIO INCOMPLETO O COMPLETO;SERGIO MASSA;SERGIO MASSA;DANIEL SCIOLI;APRUEBA;EMPEORÓ;SE MANTUVO IGUAL / NO CAMBIO;CAMBIAR TODAS;SERGIO MASSA;ECONOMIA;MAURICIO MACRI;MUCHA;NO SABE;PERONISTA;NI KIRCHNERISTA NI ANTI KIRCHNERISTA;JOSE MANUEL DE LA SOTA;2
242;18-29;VARON;UNIVERSITARIO INCOMPLETO O COMPLETO;DANIEL SCIOLI;DANIEL SCIOLI;MAURICIO MACRI;APRUEBA;MEJORÓ;MEJORÓ;MANTENER POLITICAS ACUTUALES;NINGUNO;ECONOMIA;DANIEL SCIOLI;MUCHA;MAS IZQUIERDA QUE DERECHA;NI PERONISTA NI ANTI PERONISTA;KIRCHNERISTA;DANIEL SCIOLI;3
243;30-49;VARON;TERCIARIO NO UNIV. INCOMPLETO;MAURICIO MACRI;MAURICIO MACRI;DANIEL SCIOLI;DESAPRUEBA;EMPEORÓ;MEJORÓ;CAMBIAR TODAS;MAURICIO MACRI;RESPETO DE INSTITUCIONES;MAURICIO MACRI;BASTANTE;MAS DE DERECHA QUE DE IZQUIERDA;NI PERONISTA NI ANTI PERONISTA;ANTI KIRCHNERISTA;MAURICIO MACRI;2
244;>65;VARON;UNIVERSITARIO INCOMPLETO O COMPLETO;MAURICIO MACRI;MAURICIO MACRI;DANIEL SCIOLI;DESAPRUEBA;EMPEORÓ;SE MANTUVO IGUAL / NO CAMBIO;MANTENER ALGUNAS Y CAMBIAR OTRAS;MAURICIO MACRI;RESPETO DE INSTITUCIONES;MAURICIO MACRI;BASTANTE;NI DE IZQUIERDA NI DE DERECHA;NI PERONISTA NI ANTI PERONISTA;ANTI KIRCHNERISTA;MAURICIO MACRI;3
245;>65;MUJER;UNIVERSITARIO INCOMPLETO O COMPLETO;NICOLAS DEL CAÑO;NINGUNO / EN BLANCO;MAURICIO MACRI;APRUEBA;IGUAL;SE MANTUVO IGUAL / NO CAMBIO;MANTENER ALGUNAS Y CAMBIAR OTRAS;NINGUNO;EDUCACION, ASISTENCIA SOCIAL, SALUD;DANIEL SCIOLI;BASTANTE;TOTALMENTE DE IZQUIERDA;NI PERONISTA NI ANTI PERONISTA;ANTI KIRCHNERISTA;OTROS;3
246;50-65;MUJER;TERCIARIO NO UNIV. COMPLETO;MAURICIO MACRI;MAURICIO MACRI;DANIEL SCIOLI;DESAPRUEBA;EMPEORÓ;EMPEORÓ;CAMBIAR TODAS;MAURICIO MACRI;EDUCACION, ASISTENCIA SOCIAL, SALUD;MAURICIO MACRI;BASTANTE;NI DE IZQUIERDA NI DE DERECHA;NO SABE;ANTI KIRCHNERISTA;BLANCO / NO VOTO;3
247;30-49;VARON;SECUNDARIO INCOMPLETO O COMPLETO;MAURICIO MACRI;MAURICIO MACRI;DANIEL SCIOLI;DESAPRUEBA;EMPEORÓ;EMPEORÓ;CAMBIAR TODAS;MAURICIO MACRI;EMPLEO;MAURICIO MACRI;MUCHA;NO SABE;ANTIPERONISTA;ANTI KIRCHNERISTA;MAURICIO MACRI;2
248;50-65;VARON;SECUNDARIO INCOMPLETO O COMPLETO;SERGIO MASSA;SERGIO MASSA;DANIEL SCIOLI;DESAPRUEBA;EMPEORÓ;EMPEORÓ;CAMBIAR TODAS;SERGIO MASSA;ECONOMIA;MAURICIO MACRI;BASTANTE;NI DE IZQUIERDA NI DE DERECHA;NI PERONISTA NI ANTI PERONISTA;ANTI KIRCHNERISTA;JOSE MANUEL DE LA SOTA;2
249;>65;MUJER;PRIMARIO COMPLETO;DANIEL SCIOLI;MAURICIO MACRI;DANIEL SCIOLI;DESAPRUEBA;EMPEORÓ;MEJORÓ;MANTENER POLITICAS ACUTUALES;MAURICIO MACRI;SEGURIDAD;SERGIO MASSA;NINGUNA;TOTALMENTE DE DERECHA;PERONISTA;KIRCHNERISTA;MAURICIO MACRI;1
250;>65;MUJER;SECUNDARIO INCOMPLETO O COMPLETO;MAURICIO MACRI;MAURICIO MACRI;DANIEL SCIOLI;DESAPRUEBA;EMPEORÓ;EMPEORÓ;MANTENER ALGUNAS Y CAMBIAR OTRAS;MAURICIO MACRI;SEGURIDAD;DANIEL SCIOLI;BASTANTE;NI DE IZQUIERDA NI DE DERECHA;NI PERONISTA NI ANTI PERONISTA;NI KIRCHNERISTA NI ANTI KIRCHNERISTA;MAURICIO MACRI;2
251;18-29;MUJER;TERCIARIO NO UNIV. INCOMPLETO;DANIEL SCIOLI;DANIEL SCIOLI;MAURICIO MACRI;APRUEBA;MEJORÓ;MEJORÓ;MANTENER ALGUNAS Y CAMBIAR OTRAS;DANIEL SCIOLI;EDUCACION, ASISTENCIA SOCIAL, SALUD;NO SABE;POCA;MAS IZQUIERDA QUE DERECHA;NI PERONISTA NI ANTI PERONISTA;NI KIRCHNERISTA NI ANTI KIRCHNERISTA;DANIEL SCIOLI;2
252;>65;MUJER;SECUNDARIO INCOMPLETO O COMPLETO;MAURICIO MACRI;NO SABE;DANIEL SCIOLI;NO SABE;IGUAL;SE MANTUVO IGUAL / NO CAMBIO;NO SABE;NO SABE;ECONOMIA;NO SABE;BASTANTE;NI DE IZQUIERDA NI DE DERECHA;NI PERONISTA NI ANTI PERONISTA;NO SABE;BLANCO / NO VOTO;2
253;30-49;VARON;TERCIARIO NO UNIV. INCOMPLETO;DANIEL SCIOLI;DANIEL SCIOLI;SERGIO MASSA;DESAPRUEBA;IGUAL;SE MANTUVO IGUAL / NO CAMBIO;CAMBIAR TODAS;NO SABE;EDUCACION, ASISTENCIA SOCIAL, SALUD;DANIEL SCIOLI;MUCHA;NI DE IZQUIERDA NI DE DERECHA;NI PERONISTA NI ANTI PERONISTA;NI KIRCHNERISTA NI ANTI KIRCHNERISTA;JOSE MANUEL DE LA SOTA;2
254;>65;MUJER;UNIVERSITARIO INCOMPLETO O COMPLETO;MARGARITA STOLBIZER;SERGIO MASSA;DANIEL SCIOLI;DESAPRUEBA;EMPEORÓ;EMPEORÓ;MANTENER ALGUNAS Y CAMBIAR OTRAS;MAURICIO MACRI;EDUCACION, ASISTENCIA SOCIAL, SALUD;NO SABE;MUCHA;NI DE IZQUIERDA NI DE DERECHA;NI PERONISTA NI ANTI PERONISTA;ANTI KIRCHNERISTA;MARGARITA STOLBIZER;3
255;50-65;MUJER;SECUNDARIO INCOMPLETO O COMPLETO;MAURICIO MACRI;MAURICIO MACRI;DANIEL SCIOLI;DESAPRUEBA;IGUAL;EMPEORÓ;MANTENER ALGUNAS Y CAMBIAR OTRAS;MAURICIO MACRI;ECONOMIA;DANIEL SCIOLI;BASTANTE;NI DE IZQUIERDA NI DE DERECHA;NI PERONISTA NI ANTI PERONISTA;NI KIRCHNERISTA NI ANTI KIRCHNERISTA;MAURICIO MACRI;2
256;30-49;MUJER;TERCIARIO NO UNIV. INCOMPLETO;MAURICIO MACRI;MAURICIO MACRI;DANIEL SCIOLI;DESAPRUEBA;IGUAL;SE MANTUVO IGUAL / NO CAMBIO;NO SABE;MAURICIO MACRI;ECONOMIA;MAURICIO MACRI;MUCHA;NI DE IZQUIERDA NI DE DERECHA;NI PERONISTA NI ANTI PERONISTA;ANTI KIRCHNERISTA;MAURICIO MACRI;2
257;30-49;MUJER;SECUNDARIO INCOMPLETO O COMPLETO;DANIEL SCIOLI;DANIEL SCIOLI;MAURICIO MACRI;DESAPRUEBA;IGUAL;SE MANTUVO IGUAL / NO CAMBIO;MANTENER ALGUNAS Y CAMBIAR OTRAS;NINGUNO;EMPLEO;DANIEL SCIOLI;POCA;NO SABE;NO SABE;ANTI KIRCHNERISTA;DANIEL SCIOLI;2
258;30-49;VARON;UNIVERSITARIO INCOMPLETO O COMPLETO;MAURICIO MACRI;MAURICIO MACRI;DANIEL SCIOLI;DESAPRUEBA;EMPEORÓ;EMPEORÓ;CAMBIAR TODAS;MAURICIO MACRI;RESPETO DE INSTITUCIONES;MAURICIO MACRI;MUCHA;NI DE IZQUIERDA NI DE DERECHA;NI PERONISTA NI ANTI PERONISTA;ANTI KIRCHNERISTA;MAURICIO MACRI;3
259;50-65;MUJER;TERCIARIO NO UNIV. COMPLETO;SERGIO MASSA;SERGIO MASSA;DANIEL SCIOLI;DESAPRUEBA;EMPEORÓ;EMPEORÓ;CAMBIAR TODAS;SERGIO MASSA;SEGURIDAD;SERGIO MASSA;BASTANTE;MAS DE DERECHA QUE DE IZQUIERDA;NI PERONISTA NI ANTI PERONISTA;NI KIRCHNERISTA NI ANTI KIRCHNERISTA;SERGIO MASSA;3
260;18-29;VARON;PRIMARIO COMPLETO;MAURICIO MACRI;MAURICIO MACRI;DANIEL SCIOLI;DESAPRUEBA;EMPEORÓ;MEJORÓ;CAMBIAR TODAS;MAURICIO MACRI;SEGURIDAD;MAURICIO MACRI;MUCHA;NI DE IZQUIERDA NI DE DERECHA;NI PERONISTA NI ANTI PERONISTA;ANTI KIRCHNERISTA;MAURICIO MACRI;1
261;18-29;VARON;TERCIARIO NO UNIV. INCOMPLETO;MAURICIO MACRI;MAURICIO MACRI;DANIEL SCIOLI;DESAPRUEBA;EMPEORÓ;SE MANTUVO IGUAL / NO CAMBIO;MANTENER ALGUNAS Y CAMBIAR OTRAS;MAURICIO MACRI;SEGURIDAD;MAURICIO MACRI;MUCHA;TOTALMENTE DE DERECHA;ANTIPERONISTA;ANTI KIRCHNERISTA;MAURICIO MACRI;2
262;50-65;MUJER;UNIVERSITARIO INCOMPLETO O COMPLETO;MAURICIO MACRI;MAURICIO MACRI;DANIEL SCIOLI;DESAPRUEBA;EMPEORÓ;EMPEORÓ;MANTENER ALGUNAS Y CAMBIAR OTRAS;MAURICIO MACRI;EDUCACION, ASISTENCIA SOCIAL, SALUD;NO SABE;MUCHA;MAS DE DERECHA QUE DE IZQUIERDA;ANTIPERONISTA;ANTI KIRCHNERISTA;MAURICIO MACRI;3
263;>65;MUJER;PRIMARIO COMPLETO;SERGIO MASSA;NO SABE;DANIEL SCIOLI;DESAPRUEBA;EMPEORÓ;EMPEORÓ;MANTENER ALGUNAS Y CAMBIAR OTRAS;MAURICIO MACRI;RESPETO DE INSTITUCIONES;DANIEL SCIOLI;MUCHA;NI DE IZQUIERDA NI DE DERECHA;NI PERONISTA NI ANTI PERONISTA;ANTI KIRCHNERISTA;OTROS;1
264;30-49;MUJER;TERCIARIO NO UNIV. INCOMPLETO;NINGUNO / EN BLANCO;MAURICIO MACRI;DANIEL SCIOLI;DESAPRUEBA;EMPEORÓ;EMPEORÓ;CAMBIAR TODAS;MAURICIO MACRI;ECONOMIA;MAURICIO MACRI;MUCHA;NI DE IZQUIERDA NI DE DERECHA;NI PERONISTA NI ANTI PERONISTA;ANTI KIRCHNERISTA;MAURICIO MACRI;2
265;50-65;VARON;UNIVERSITARIO INCOMPLETO O COMPLETO;MAURICIO MACRI;MAURICIO MACRI;DANIEL SCIOLI;DESAPRUEBA;EMPEORÓ;EMPEORÓ;MANTENER ALGUNAS Y CAMBIAR OTRAS;DANIEL SCIOLI;ECONOMIA;NO SABE;MUCHA;NI DE IZQUIERDA NI DE DERECHA;NI PERONISTA NI ANTI PERONISTA;NI KIRCHNERISTA NI ANTI KIRCHNERISTA;MAURICIO MACRI;3
266;50-65;MUJER;SECUNDARIO INCOMPLETO O COMPLETO;SERGIO MASSA;SERGIO MASSA;DANIEL SCIOLI;APRUEBA;EMPEORÓ;EMPEORÓ;CAMBIAR TODAS;SERGIO MASSA;ECONOMIA;NO SABE;BASTANTE;MAS DE DERECHA QUE DE IZQUIERDA;ANTIPERONISTA;ANTI KIRCHNERISTA;JOSE MANUEL DE LA SOTA;2
267;30-49;VARON;UNIVERSITARIO INCOMPLETO O COMPLETO;SERGIO MASSA;SERGIO MASSA;DANIEL SCIOLI;DESAPRUEBA;EMPEORÓ;SE MANTUVO IGUAL / NO CAMBIO;MANTENER ALGUNAS Y CAMBIAR OTRAS;SERGIO MASSA;ECONOMIA;DANIEL SCIOLI;MUCHA;MAS DE DERECHA QUE DE IZQUIERDA;NI PERONISTA NI ANTI PERONISTA;ANTI KIRCHNERISTA;JOSE MANUEL DE LA SOTA;3
268;30-49;MUJER;UNIVERSITARIO INCOMPLETO O COMPLETO;DANIEL SCIOLI;DANIEL SCIOLI;MAURICIO MACRI;APRUEBA;MEJORÓ;MEJORÓ;MANTENER POLITICAS ACUTUALES;DANIEL SCIOLI;RESPETO DE INSTITUCIONES;DANIEL SCIOLI;NO SABE;TOTALMENTE DE IZQUIERDA;PERONISTA;KIRCHNERISTA;DANIEL SCIOLI;3
269;>65;VARON;PRIMARIO COMPLETO;NINGUNO / EN BLANCO;NINGUNO / EN BLANCO;NINGUNO / EN BLANCO;NO SABE;NO SABE;NO SABE;NO SABE;NO SABE;NO SABE;NO SABE;NO SABE;NO SABE;NO SABE;NO SABE;RODRIGUEZ SAA;1
270;18-29;VARON;UNIVERSITARIO INCOMPLETO O COMPLETO;MAURICIO MACRI;MAURICIO MACRI;DANIEL SCIOLI;DESAPRUEBA;EMPEORÓ;SE MANTUVO IGUAL / NO CAMBIO;CAMBIAR TODAS;MAURICIO MACRI;SEGURIDAD;MAURICIO MACRI;MUCHA;MAS DE DERECHA QUE DE IZQUIERDA;NI PERONISTA NI ANTI PERONISTA;ANTI KIRCHNERISTA;MAURICIO MACRI;3
271;50-65;MUJER;SECUNDARIO INCOMPLETO O COMPLETO;SERGIO MASSA;SERGIO MASSA;DANIEL SCIOLI;NO SABE;EMPEORÓ;SE MANTUVO IGUAL / NO CAMBIO;MANTENER ALGUNAS Y CAMBIAR OTRAS;NINGUNO;ECONOMIA;DANIEL SCIOLI;BASTANTE;NI DE IZQUIERDA NI DE DERECHA;PERONISTA;NI KIRCHNERISTA NI ANTI KIRCHNERISTA;SERGIO MASSA;2
272;30-49;MUJER;SECUNDARIO INCOMPLETO O COMPLETO;MAURICIO MACRI;MAURICIO MACRI;DANIEL SCIOLI;DESAPRUEBA;EMPEORÓ;SE MANTUVO IGUAL / NO CAMBIO;MANTENER ALGUNAS Y CAMBIAR OTRAS;MAURICIO MACRI;EMPLEO;MAURICIO MACRI;MUCHA;NI DE IZQUIERDA NI DE DERECHA;NI PERONISTA NI ANTI PERONISTA;ANTI KIRCHNERISTA;JOSE MANUEL DE LA SOTA;2
273;30-49;MUJER;UNIVERSITARIO INCOMPLETO O COMPLETO;MAURICIO MACRI;MAURICIO MACRI;NO SABE;APRUEBA;EMPEORÓ;EMPEORÓ;MANTENER ALGUNAS Y CAMBIAR OTRAS;NINGUNO;RESPETO DE INSTITUCIONES;MAURICIO MACRI;MUCHA;NI DE IZQUIERDA NI DE DERECHA;NI PERONISTA NI ANTI PERONISTA;NI KIRCHNERISTA NI ANTI KIRCHNERISTA;MARGARITA STOLBIZER;3
274;50-65;VARON;UNIVERSITARIO INCOMPLETO O COMPLETO;SERGIO MASSA;SERGIO MASSA;DANIEL SCIOLI;DESAPRUEBA;EMPEORÓ;MEJORÓ;MANTENER ALGUNAS Y CAMBIAR OTRAS;SERGIO MASSA;ECONOMIA;MAURICIO MACRI;MUCHA;NI DE IZQUIERDA NI DE DERECHA;NI PERONISTA NI ANTI PERONISTA;ANTI KIRCHNERISTA;JOSE MANUEL DE LA SOTA;3
275;50-65;VARON;TERCIARIO NO UNIV. COMPLETO;DANIEL SCIOLI;DANIEL SCIOLI;MAURICIO MACRI;DESAPRUEBA;EMPEORÓ;SE MANTUVO IGUAL / NO CAMBIO;MANTENER ALGUNAS Y CAMBIAR OTRAS;DANIEL SCIOLI;EMPLEO;DANIEL SCIOLI;POCA;TOTALMENTE DE DERECHA;NI PERONISTA NI ANTI PERONISTA;NI KIRCHNERISTA NI ANTI KIRCHNERISTA;DANIEL SCIOLI;3
276;30-49;MUJER;TERCIARIO NO UNIV. COMPLETO;DANIEL SCIOLI;DANIEL SCIOLI;MAURICIO MACRI;APRUEBA;MEJORÓ;SE MANTUVO IGUAL / NO CAMBIO;MANTENER POLITICAS ACUTUALES;NINGUNO;ECONOMIA;DANIEL SCIOLI;POCA;NI DE IZQUIERDA NI DE DERECHA;NI PERONISTA NI ANTI PERONISTA;NI KIRCHNERISTA NI ANTI KIRCHNERISTA;DANIEL SCIOLI;3
277;50-65;VARON;UNIVERSITARIO INCOMPLETO O COMPLETO;MAURICIO MACRI;MAURICIO MACRI;DANIEL SCIOLI;DESAPRUEBA;EMPEORÓ;SE MANTUVO IGUAL / NO CAMBIO;CAMBIAR TODAS;MAURICIO MACRI;SEGURIDAD;MAURICIO MACRI;MUCHA;MAS DE DERECHA QUE DE IZQUIERDA;ANTIPERONISTA;ANTI KIRCHNERISTA;MAURICIO MACRI;3
278;30-49;MUJER;UNIVERSITARIO INCOMPLETO O COMPLETO;DANIEL SCIOLI;DANIEL SCIOLI;MAURICIO MACRI;APRUEBA;IGUAL;SE MANTUVO IGUAL / NO CAMBIO;MANTENER POLITICAS ACUTUALES;DANIEL SCIOLI;ECONOMIA;DANIEL SCIOLI;BASTANTE;NI DE IZQUIERDA NI DE DERECHA;ANTIPERONISTA;KIRCHNERISTA;DANIEL SCIOLI;3
279;18-29;VARON;TERCIARIO NO UNIV. INCOMPLETO;MARGARITA STOLBIZER;MAURICIO MACRI;DANIEL SCIOLI;DESAPRUEBA;EMPEORÓ;EMPEORÓ;MANTENER ALGUNAS Y CAMBIAR OTRAS;MAURICIO MACRI;ECONOMIA;DANIEL SCIOLI;MUCHA;NO SABE;NO SABE;ANTI KIRCHNERISTA;JOSE MANUEL DE LA SOTA;2
280;50-65;MUJER;UNIVERSITARIO INCOMPLETO O COMPLETO;MAURICIO MACRI;MAURICIO MACRI;DANIEL SCIOLI;DESAPRUEBA;EMPEORÓ;SE MANTUVO IGUAL / NO CAMBIO;MANTENER ALGUNAS Y CAMBIAR OTRAS;MAURICIO MACRI;RESPETO DE INSTITUCIONES;MAURICIO MACRI;MUCHA;NI DE IZQUIERDA NI DE DERECHA;NI PERONISTA NI ANTI PERONISTA;ANTI KIRCHNERISTA;MAURICIO MACRI;3
281;50-65;MUJER;TERCIARIO NO UNIV. COMPLETO;DANIEL SCIOLI;DANIEL SCIOLI;MAURICIO MACRI;DESAPRUEBA;MEJORÓ;MEJORÓ;MANTENER POLITICAS ACUTUALES;NINGUNO;ECONOMIA;DANIEL SCIOLI;NINGUNA;MAS IZQUIERDA QUE DERECHA;PERONISTA;KIRCHNERISTA;DANIEL SCIOLI;3
282;18-29;VARON;PRIMARIO COMPLETO;NO SABE;NO SABE;NO SABE;NO SABE;NO SABE;NO SABE;NO SABE;NO SABE;NO SABE;NO SABE;NO SABE;NO SABE;NO SABE;NO SABE;RODRIGUEZ SAA;1
283;50-65;VARON;TERCIARIO NO UNIV. INCOMPLETO;SERGIO MASSA;SERGIO MASSA;MAURICIO MACRI;APRUEBA;IGUAL;MEJORÓ;MANTENER ALGUNAS Y CAMBIAR OTRAS;SERGIO MASSA;SEGURIDAD;SERGIO MASSA;POCA;MAS IZQUIERDA QUE DERECHA;NI PERONISTA NI ANTI PERONISTA;NI KIRCHNERISTA NI ANTI KIRCHNERISTA;SERGIO MASSA;2
284;50-65;MUJER;UNIVERSITARIO INCOMPLETO O COMPLETO;MAURICIO MACRI;MAURICIO MACRI;DANIEL SCIOLI;DESAPRUEBA;EMPEORÓ;EMPEORÓ;CAMBIAR TODAS;MAURICIO MACRI;EDUCACION, ASISTENCIA SOCIAL, SALUD;MAURICIO MACRI;MUCHA;NI DE IZQUIERDA NI DE DERECHA;ANTIPERONISTA;ANTI KIRCHNERISTA;MAURICIO MACRI;3
285;18-29;MUJER;SECUNDARIO INCOMPLETO O COMPLETO;NO SABE;NO SABE;DANIEL SCIOLI;APRUEBA;IGUAL;MEJORÓ;CAMBIAR TODAS;NINGUNO;ECONOMIA;OTRO;NINGUNA;NI DE IZQUIERDA NI DE DERECHA;PERONISTA;ANTI KIRCHNERISTA;JOSE MANUEL DE LA SOTA;2
286;30-49;VARON;UNIVERSITARIO INCOMPLETO O COMPLETO;DANIEL SCIOLI;DANIEL SCIOLI;MAURICIO MACRI;DESAPRUEBA;IGUAL;SE MANTUVO IGUAL / NO CAMBIO;MANTENER POLITICAS ACUTUALES;MAURICIO MACRI;ECONOMIA;MAURICIO MACRI;MUCHA;NI DE IZQUIERDA NI DE DERECHA;PERONISTA;NI KIRCHNERISTA NI ANTI KIRCHNERISTA;BLANCO / NO VOTO;3
287;30-49;MUJER;UNIVERSITARIO INCOMPLETO O COMPLETO;MAURICIO MACRI;MAURICIO MACRI;DANIEL SCIOLI;DESAPRUEBA;EMPEORÓ;EMPEORÓ;CAMBIAR TODAS;MAURICIO MACRI;ECONOMIA;MAURICIO MACRI;BASTANTE;NI DE IZQUIERDA NI DE DERECHA;ANTIPERONISTA;ANTI KIRCHNERISTA;MAURICIO MACRI;3
288;50-65;MUJER;SECUNDARIO INCOMPLETO O COMPLETO;MAURICIO MACRI;MAURICIO MACRI;DANIEL SCIOLI;DESAPRUEBA;IGUAL;SE MANTUVO IGUAL / NO CAMBIO;CAMBIAR TODAS;MAURICIO MACRI;SEGURIDAD;MAURICIO MACRI;NINGUNA;NI DE IZQUIERDA NI DE DERECHA;ANTIPERONISTA;ANTI KIRCHNERISTA;MAURICIO MACRI;2
289;30-49;MUJER;TERCIARIO NO UNIV. INCOMPLETO;SERGIO MASSA;NO SABE;MAURICIO MACRI;NO SABE;IGUAL;SE MANTUVO IGUAL / NO CAMBIO;MANTENER ALGUNAS Y CAMBIAR OTRAS;SERGIO MASSA;RESPETO DE INSTITUCIONES;DANIEL SCIOLI;NO SABE;NI DE IZQUIERDA NI DE DERECHA;NI PERONISTA NI ANTI PERONISTA;NI KIRCHNERISTA NI ANTI KIRCHNERISTA;SERGIO MASSA;2
290;50-65;VARON;SECUNDARIO INCOMPLETO O COMPLETO;DANIEL SCIOLI;DANIEL SCIOLI;MAURICIO MACRI;APRUEBA;MEJORÓ;MEJORÓ;MANTENER POLITICAS ACUTUALES;DANIEL SCIOLI;ECONOMIA;DANIEL SCIOLI;NINGUNA;TOTALMENTE DE IZQUIERDA;PERONISTA;KIRCHNERISTA;DANIEL SCIOLI;2
291;>65;MUJER;UNIVERSITARIO INCOMPLETO O COMPLETO;MAURICIO MACRI;MAURICIO MACRI;DANIEL SCIOLI;DESAPRUEBA;EMPEORÓ;EMPEORÓ;MANTENER ALGUNAS Y CAMBIAR OTRAS;MAURICIO MACRI;NO SABE;MAURICIO MACRI;MUCHA;NI DE IZQUIERDA NI DE DERECHA;NI PERONISTA NI ANTI PERONISTA;NI KIRCHNERISTA NI ANTI KIRCHNERISTA;JOSE MANUEL DE LA SOTA;3
292;30-49;MUJER;UNIVERSITARIO INCOMPLETO O COMPLETO;MAURICIO MACRI;MAURICIO MACRI;DANIEL SCIOLI;DESAPRUEBA;EMPEORÓ;EMPEORÓ;MANTENER ALGUNAS Y CAMBIAR OTRAS;MAURICIO MACRI;RESPETO DE INSTITUCIONES;DANIEL SCIOLI;MUCHA;NI DE IZQUIERDA NI DE DERECHA;NI PERONISTA NI ANTI PERONISTA;NI KIRCHNERISTA NI ANTI KIRCHNERISTA;MAURICIO MACRI;3
293;18-29;VARON;PRIMARIO COMPLETO;MAURICIO MACRI;MAURICIO MACRI;DANIEL SCIOLI;DESAPRUEBA;EMPEORÓ;EMPEORÓ;CAMBIAR TODAS;NINGUNO;ECONOMIA;MAURICIO MACRI;MUCHA;TOTALMENTE DE DERECHA;NI PERONISTA NI ANTI PERONISTA;NI KIRCHNERISTA NI ANTI KIRCHNERISTA;RODRIGUEZ SAA;1
294;30-49;MUJER;TERCIARIO NO UNIV. INCOMPLETO;MAURICIO MACRI;MAURICIO MACRI;DANIEL SCIOLI;DESAPRUEBA;IGUAL;EMPEORÓ;MANTENER ALGUNAS Y CAMBIAR OTRAS;MAURICIO MACRI;EMPLEO;SERGIO MASSA;MUCHA;NI DE IZQUIERDA NI DE DERECHA;NI PERONISTA NI ANTI PERONISTA;NI KIRCHNERISTA NI ANTI KIRCHNERISTA;MAURICIO MACRI;2
295;50-65;MUJER;TERCIARIO NO UNIV. INCOMPLETO;MAURICIO MACRI;MAURICIO MACRI;DANIEL SCIOLI;DESAPRUEBA;EMPEORÓ;SE MANTUVO IGUAL / NO CAMBIO;MANTENER ALGUNAS Y CAMBIAR OTRAS;MAURICIO MACRI;RESPETO DE INSTITUCIONES;MAURICIO MACRI;BASTANTE;MAS DE DERECHA QUE DE IZQUIERDA;NI PERONISTA NI ANTI PERONISTA;NI KIRCHNERISTA NI ANTI KIRCHNERISTA;SERGIO MASSA;2
296;50-65;MUJER;SECUNDARIO INCOMPLETO O COMPLETO;MAURICIO MACRI;MAURICIO MACRI;DANIEL SCIOLI;DESAPRUEBA;EMPEORÓ;EMPEORÓ;MANTENER ALGUNAS Y CAMBIAR OTRAS;MAURICIO MACRI;SEGURIDAD;MAURICIO MACRI;MUCHA;NI DE IZQUIERDA NI DE DERECHA;NI PERONISTA NI ANTI PERONISTA;NI KIRCHNERISTA NI ANTI KIRCHNERISTA;MAURICIO MACRI;2
297;18-29;VARON;UNIVERSITARIO INCOMPLETO O COMPLETO;MAURICIO MACRI;MAURICIO MACRI;DANIEL SCIOLI;DESAPRUEBA;EMPEORÓ;SE MANTUVO IGUAL / NO CAMBIO;MANTENER ALGUNAS Y CAMBIAR OTRAS;MAURICIO MACRI;ECONOMIA;MAURICIO MACRI;BASTANTE;NI DE IZQUIERDA NI DE DERECHA;NI PERONISTA NI ANTI PERONISTA;NI KIRCHNERISTA NI ANTI KIRCHNERISTA;OTROS;3
298;18-29;MUJER;UNIVERSITARIO INCOMPLETO O COMPLETO;MAURICIO MACRI;MAURICIO MACRI;DANIEL SCIOLI;DESAPRUEBA;EMPEORÓ;EMPEORÓ;CAMBIAR TODAS;MAURICIO MACRI;EMPLEO;MAURICIO MACRI;MUCHA;NI DE IZQUIERDA NI DE DERECHA;NI PERONISTA NI ANTI PERONISTA;ANTI KIRCHNERISTA;MAURICIO MACRI;3
299;30-49;MUJER;TERCIARIO NO UNIV. COMPLETO;NINGUNO / EN BLANCO;NINGUNO / EN BLANCO;DANIEL SCIOLI;DESAPRUEBA;EMPEORÓ;EMPEORÓ;CAMBIAR TODAS;NINGUNO;RESPETO DE INSTITUCIONES;OTRO;MUCHA;NI DE IZQUIERDA NI DE DERECHA;NI PERONISTA NI ANTI PERONISTA;ANTI KIRCHNERISTA;BLANCO / NO VOTO;3
300;>65;VARON;SECUNDARIO INCOMPLETO O COMPLETO;DANIEL SCIOLI;DANIEL SCIOLI;MAURICIO MACRI;APRUEBA;EMPEORÓ;SE MANTUVO IGUAL / NO CAMBIO;NO SABE;NO SABE;ECONOMIA;DANIEL SCIOLI;POCA;MAS IZQUIERDA QUE DERECHA;PERONISTA;NI KIRCHNERISTA NI ANTI KIRCHNERISTA;BLANCO / NO VOTO;2
301;50-65;VARON;TERCIARIO NO UNIV. INCOMPLETO;MAURICIO MACRI;MAURICIO MACRI;DANIEL SCIOLI;DESAPRUEBA;EMPEORÓ;SE MANTUVO IGUAL / NO CAMBIO;MANTENER ALGUNAS Y CAMBIAR OTRAS;MAURICIO MACRI;ECONOMIA;DANIEL SCIOLI;BASTANTE;NI DE IZQUIERDA NI DE DERECHA;ANTIPERONISTA;NI KIRCHNERISTA NI ANTI KIRCHNERISTA;MAURICIO MACRI;2
302;>65;MUJER;TERCIARIO NO UNIV. INCOMPLETO;NO SABE;NO SABE;DANIEL SCIOLI;DESAPRUEBA;EMPEORÓ;SE MANTUVO IGUAL / NO CAMBIO;CAMBIAR TODAS;NO SABE;RESPETO DE INSTITUCIONES;NO SABE;NO SABE;NO SABE;NI PERONISTA NI ANTI PERONISTA;NO SABE;MAURICIO MACRI;2
303;30-49;MUJER;TERCIARIO NO UNIV. COMPLETO;SERGIO MASSA;SERGIO MASSA;DANIEL SCIOLI;APRUEBA;EMPEORÓ;EMPEORÓ;MANTENER ALGUNAS Y CAMBIAR OTRAS;SERGIO MASSA;ECONOMIA;SERGIO MASSA;MUCHA;NI DE IZQUIERDA NI DE DERECHA;NI PERONISTA NI ANTI PERONISTA;NI KIRCHNERISTA NI ANTI KIRCHNERISTA;RODRIGUEZ SAA;3
304;>65;MUJER;TERCIARIO NO UNIV. INCOMPLETO;NINGUNO / EN BLANCO;NINGUNO / EN BLANCO;NINGUNO / EN BLANCO;NO SABE;NO SABE;NO SABE;NO SABE;NO SABE;NO SABE;NO SABE;NO SABE;NO SABE;NO SABE;NO SABE;BLANCO / NO VOTO;2
305;>65;VARON;SECUNDARIO INCOMPLETO O COMPLETO;MAURICIO MACRI;MAURICIO MACRI;DANIEL SCIOLI;DESAPRUEBA;EMPEORÓ;EMPEORÓ;MANTENER ALGUNAS Y CAMBIAR OTRAS;MAURICIO MACRI;SEGURIDAD;MAURICIO MACRI;BASTANTE;NO SABE;NI PERONISTA NI ANTI PERONISTA;ANTI KIRCHNERISTA;MAURICIO MACRI;2
306;>65;VARON;PRIMARIO COMPLETO;SERGIO MASSA;SERGIO MASSA;DANIEL SCIOLI;DESAPRUEBA;EMPEORÓ;EMPEORÓ;MANTENER ALGUNAS Y CAMBIAR OTRAS;SERGIO MASSA;RESPETO DE INSTITUCIONES;SERGIO MASSA;MUCHA;NI DE IZQUIERDA NI DE DERECHA;PERONISTA;ANTI KIRCHNERISTA;SERGIO MASSA;1
307;18-29;MUJER;SECUNDARIO INCOMPLETO O COMPLETO;DANIEL SCIOLI;DANIEL SCIOLI;MAURICIO MACRI;APRUEBA;MEJORÓ;MEJORÓ;MANTENER POLITICAS ACUTUALES;MAURICIO MACRI;ECONOMIA;DANIEL SCIOLI;NO SABE;TOTALMENTE DE IZQUIERDA;PERONISTA;KIRCHNERISTA;RODRIGUEZ SAA;2
308;18-29;VARON;PRIMARIO COMPLETO;MAURICIO MACRI;MAURICIO MACRI;DANIEL SCIOLI;DESAPRUEBA;EMPEORÓ;MEJORÓ;CAMBIAR TODAS;MAURICIO MACRI;SEGURIDAD;MAURICIO MACRI;MUCHA;NI DE IZQUIERDA NI DE DERECHA;NI PERONISTA NI ANTI PERONISTA;ANTI KIRCHNERISTA;MAURICIO MACRI;1
309;>65;MUJER;TERCIARIO NO UNIV. INCOMPLETO;MAURICIO MACRI;MAURICIO MACRI;DANIEL SCIOLI;DESAPRUEBA;EMPEORÓ;EMPEORÓ;MANTENER ALGUNAS Y CAMBIAR OTRAS;MAURICIO MACRI;EDUCACION, ASISTENCIA SOCIAL, SALUD;MAURICIO MACRI;BASTANTE;NI DE IZQUIERDA NI DE DERECHA;NI PERONISTA NI ANTI PERONISTA;ANTI KIRCHNERISTA;MAURICIO MACRI;2
310;50-65;MUJER;TERCIARIO NO UNIV. COMPLETO;DANIEL SCIOLI;DANIEL SCIOLI;MAURICIO MACRI;APRUEBA;MEJORÓ;MEJORÓ;MANTENER POLITICAS ACUTUALES;DANIEL SCIOLI;EDUCACION, ASISTENCIA SOCIAL, SALUD;DANIEL SCIOLI;POCA;MAS IZQUIERDA QUE DERECHA;PERONISTA;KIRCHNERISTA;DANIEL SCIOLI;3
311;30-49;MUJER;TERCIARIO NO UNIV. INCOMPLETO;MAURICIO MACRI;MAURICIO MACRI;DANIEL SCIOLI;DESAPRUEBA;EMPEORÓ;EMPEORÓ;MANTENER ALGUNAS Y CAMBIAR OTRAS;DANIEL SCIOLI;NO SABE;DANIEL SCIOLI;MUCHA;NI DE IZQUIERDA NI DE DERECHA;NI PERONISTA NI ANTI PERONISTA;NI KIRCHNERISTA NI ANTI KIRCHNERISTA;MAURICIO MACRI;2
312;30-49;VARON;UNIVERSITARIO INCOMPLETO O COMPLETO;DANIEL SCIOLI;DANIEL SCIOLI;SERGIO MASSA;APRUEBA;IGUAL;MEJORÓ;MANTENER ALGUNAS Y CAMBIAR OTRAS;MAURICIO MACRI;ECONOMIA;DANIEL SCIOLI;BASTANTE;NI DE IZQUIERDA NI DE DERECHA;NI PERONISTA NI ANTI PERONISTA;NI KIRCHNERISTA NI ANTI KIRCHNERISTA;DANIEL SCIOLI;3
313;>65;VARON;UNIVERSITARIO INCOMPLETO O COMPLETO;MAURICIO MACRI;SERGIO MASSA;DANIEL SCIOLI;DESAPRUEBA;EMPEORÓ;EMPEORÓ;MANTENER ALGUNAS Y CAMBIAR OTRAS;MAURICIO MACRI;RESPETO DE INSTITUCIONES;MAURICIO MACRI;MUCHA;NI DE IZQUIERDA NI DE DERECHA;NI PERONISTA NI ANTI PERONISTA;ANTI KIRCHNERISTA;MAURICIO MACRI;3
314;18-29;VARON;UNIVERSITARIO INCOMPLETO O COMPLETO;DANIEL SCIOLI;DANIEL SCIOLI;MAURICIO MACRI;APRUEBA;EMPEORÓ;SE MANTUVO IGUAL / NO CAMBIO;MANTENER ALGUNAS Y CAMBIAR OTRAS;DANIEL SCIOLI;EDUCACION, ASISTENCIA SOCIAL, SALUD;DANIEL SCIOLI;NINGUNA;MAS IZQUIERDA QUE DERECHA;NI PERONISTA NI ANTI PERONISTA;KIRCHNERISTA;DANIEL SCIOLI;3
315;50-65;VARON;TERCIARIO NO UNIV. INCOMPLETO;MARGARITA STOLBIZER;MAURICIO MACRI;DANIEL SCIOLI;DESAPRUEBA;EMPEORÓ;EMPEORÓ;CAMBIAR TODAS;NINGUNO;RESPETO DE INSTITUCIONES;OTRO;MUCHA;TOTALMENTE DE DERECHA;NO SABE;ANTI KIRCHNERISTA;MARGARITA STOLBIZER;2
316;18-29;MUJER;UNIVERSITARIO INCOMPLETO O COMPLETO;DANIEL SCIOLI;DANIEL SCIOLI;MAURICIO MACRI;APRUEBA;IGUAL;SE MANTUVO IGUAL / NO CAMBIO;MANTENER ALGUNAS Y CAMBIAR OTRAS;DANIEL SCIOLI;EDUCACION, ASISTENCIA SOCIAL, SALUD;DANIEL SCIOLI;BASTANTE;MAS IZQUIERDA QUE DERECHA;PERONISTA;NO SABE;DANIEL SCIOLI;3
317;50-65;VARON;UNIVERSITARIO INCOMPLETO O COMPLETO;MAURICIO MACRI;MAURICIO MACRI;DANIEL SCIOLI;DESAPRUEBA;EMPEORÓ;SE MANTUVO IGUAL / NO CAMBIO;MANTENER ALGUNAS Y CAMBIAR OTRAS;SERGIO MASSA;RESPETO DE INSTITUCIONES;MAURICIO MACRI;BASTANTE;NI DE IZQUIERDA NI DE DERECHA;NI PERONISTA NI ANTI PERONISTA;ANTI KIRCHNERISTA;MAURICIO MACRI;3
318;18-29;MUJER;TERCIARIO NO UNIV. INCOMPLETO;MAURICIO MACRI;MAURICIO MACRI;DANIEL SCIOLI;DESAPRUEBA;EMPEORÓ;SE MANTUVO IGUAL / NO CAMBIO;CAMBIAR TODAS;MAURICIO MACRI;SEGURIDAD;MAURICIO MACRI;MUCHA;NO SABE;PERONISTA;ANTI KIRCHNERISTA;MAURICIO MACRI;2
319;30-49;VARON;UNIVERSITARIO INCOMPLETO O COMPLETO;DANIEL SCIOLI;DANIEL SCIOLI;MAURICIO MACRI;APRUEBA;IGUAL;MEJORÓ;MANTENER POLITICAS ACUTUALES;DANIEL SCIOLI;EDUCACION, ASISTENCIA SOCIAL, SALUD;DANIEL SCIOLI;POCA;NI DE IZQUIERDA NI DE DERECHA;NI PERONISTA NI ANTI PERONISTA;NI KIRCHNERISTA NI ANTI KIRCHNERISTA;MAURICIO MACRI;3
320;18-29;VARON;PRIMARIO COMPLETO;DANIEL SCIOLI;DANIEL SCIOLI;MAURICIO MACRI;APRUEBA;MEJORÓ;MEJORÓ;MANTENER POLITICAS ACUTUALES;NO SABE;EDUCACION, ASISTENCIA SOCIAL, SALUD;DANIEL SCIOLI;MUCHA;NO SABE;NI PERONISTA NI ANTI PERONISTA;KIRCHNERISTA;RODRIGUEZ SAA;1
